event_name,event_lat,event_lon,stop_id,stop_name,stop_lat,stop_lon,distance
Ballydehob Traditional Music Festival 2026,51.5611066,-9.4595573,8380B215561,Ballydehob,51.562708,-9.46036,0.0017913149499722608
Cairde Sligo Arts Festival 2026,54.2775969,-8.4715258,8510B5249601,Saint John's Hospital,54.279904,-8.470171,0.0026754800410417807
Cork International Choral Festival 2026,51.89726479999999,-8.465495199999998,8370B2368501,Eglinton Street,51.8973101961011,-8.46486263403884,0.0006341927949863489
Earagail Arts Festival,54.9533201,-7.7287972,8530B1558401,Letterkenny Bus Station,54.95372,-7.72844,0.000536201314804619
Gaelforce Great Fjord Swim,53.5927404,-9.768691,8470B534731,Derrynacleigh,53.594405,-9.76828,0.001714588627052222
Gaelforce Great River Swim,53.67245459999999,-7.9863962,8290B553421,Lanesborough,53.672425,-7.988831,0.0024349799177820646
Galtee Challenge 2026,52.34030569999999,-8.2895418,8410B3301401,Galbally,52.401479,-8.296166,0.06153090815624079
Rose of Tralee International Festival 2026,52.266929,-9.706377,8390LL11011,Tralee Denny Street,52.266861,-9.706379,6.802940540563527e-05
St Brendan the Navigator Community Festival 2026,52.2784045,-9.861211400000002,8390B6371101,Fenit,52.2770740421477,-9.86342193225829,0.002580033131895024
The Brandon Bay Run 2026,52.2991965,-10.0381391,8390B6365701,Castlegregory,52.252328,-10.021411,0.0497643006768929
The Dead by James Joyce,53.3368138,-6.2598119,8220DB007996,Saint Stephen's Green South,53.337264,-6.261751,0.0019906754758116586
Westport Folk & Bluegrass Festival 2026,53.8011456,-9.5222281,8490B5557101,Westport,53.798649,-9.520623,0.002968056193875042
DoDublin Hop-on Hop-off & EPIC The Irish Emigration Museum Combo Deal,53.3505109,-6.2609885,8220DB000274,O'Connell Street Upper,53.3503490838222,-6.26072086862175,0.0003127475499860246
Fastnet Film Festival,51.5279653,-9.5452174,8380B215591,Schull,51.52704,-9.54757,0.00252802429774671
Waterford St. Patrick's Festival ,52.2572983,-7.1115235,8440B352271,John Street,52.2570082869854,-7.11123375130605,0.0004099534781928397
AIB Portrait Prize 2025,53.3408887,-6.2522962,8220DB000494,Clare Street,53.3414355833565,-6.25168225233917,0.0008222001799163722
Gaelforce Great Lake Swim,53.0835342,-8.2110061,8470B1359802,Portumna,53.09161,-8.22147,0.013217857195854209
Consairtín,52.8470321,-8.9883123,8360B603361,Harmony Row,52.8463856514735,-8.98580443363775,0.002589843506532194
Live Aid Exhibition,53.3453111,-6.265425,8220DB000312,Wellington Quay,53.3454764728264,-6.2662061554843,0.0007984685731835326
EcoTrail Wicklow 2026,53.2010587,-6.1110501,8350DB004171,Kilmantain Park,53.200509,-6.111505,0.0007135153116793149
The Fade Street Market,53.3421058,-6.264002899999999,8220DB001282,South Great George's Street,53.342342,-6.264501,0.0005512658614526
Galway International Arts Festival 2026,53.27056400000001,-9.0566819,8460B5220101,Spanish Arch,53.27036,-9.05466,0.0020321652516467332
"Dún Laoghaire Walking Tours, The Dublin Riviera",53.29491460000001,-6.1337385,8250IR0124,Dun Laoghaire (Mallin),53.294776,-6.134575,0.0008479045995889275
Conversations on a Homecoming,53.7154691,-7.7996269,8290IR0072,Longford,53.724079,-7.796346,0.00921383106096789
The Witch Who Couldn’t Sleep,53.7154691,-7.7996269,8290IR0072,Longford,53.724079,-7.796346,0.00921383106096789
Before,53.7154691,-7.7996269,8290IR0072,Longford,53.724079,-7.796346,0.00921383106096789
Conal Gallen – The Last Laugh Tour,53.7154691,-7.7996269,8290IR0072,Longford,53.724079,-7.796346,0.00921383106096789
The Man In The Woman’s Shoes,53.7154691,-7.7996269,8290IR0072,Longford,53.724079,-7.796346,0.00921383106096789
Padraig Jack,53.7154691,-7.7996269,8290IR0072,Longford,53.724079,-7.796346,0.00921383106096789
CISEACH,53.7154691,-7.7996269,8290IR0072,Longford,53.724079,-7.796346,0.00921383106096789
Red Line Comedy Club,53.7154691,-7.7996269,8290IR0072,Longford,53.724079,-7.796346,0.00921383106096789
Little Folk – On The Road,53.7154691,-7.7996269,8290IR0072,Longford,53.724079,-7.796346,0.00921383106096789
The Kings of the Kilburn High Road,53.7154691,-7.7996269,8290IR0072,Longford,53.724079,-7.796346,0.00921383106096789
National Circus Festival of Ireland,52.2666168,-9.7083368,8390B635851,Tralee Prince's Street,52.266953,-9.709685,0.0013894868405283879
Aoife Dunne - Good Grief,54.0089765,-6.3900726,8300PB14641,Saint Gerard's Square,54.00693,-6.38752,0.00327168595834345
Aoife Dunne - Good Grief,52.044466,-9.502486,839000124,Gleneagle Hotel,52.0440401554159,-9.50267484856799,0.0004658405214659756
Aoife Dunne : Good Grief,53.7992862,-9.5241987,8490B5557101,Westport,53.798649,-9.520623,0.003632031708285657
Aoife Dunne: Good Grief,53.344278,-6.266111,8220DB001934,Dame Street,53.344118,-6.265525,0.0006074504094990528
Aoife Dunne: Good Grief,51.90139749999999,-8.4683464,8370B11054,Cork Saint Patrick's Quay,51.900672,-8.467164,0.001387234662910364
Aoife Dunne: Good Grief,53.2761611,-9.0540556,8460B5230201,Saint Francis Street,53.27531,-9.053806,0.0008869449644760796
Aoife Dunne - Good Grief,52.65304210000001,-7.2484311,8270CD10286,John Street Lower,52.653417,-7.248177,0.0004528982446340518
Leopardstown Christmas Festival - Savills Chase Day,53.26553639999999,-6.1954455,8250DB008295,Ballyogan Avenue,53.259413,-6.194001,0.006291471037032928
Trygve Seim & Tord Gustavsen: Inner Chorals,51.8973901,-8.476346399999999,8370B4289701,South Main Street,51.897316,-8.476966,0.0006240152001363891
Music Network present the Shuteen Erdenebaatar Quartet,51.8973901,-8.476346399999999,8370B4289701,South Main Street,51.897316,-8.476966,0.0006240152001363891
Nils Petter Molvær Group,51.8973901,-8.476346399999999,8370B4289701,South Main Street,51.897316,-8.476966,0.0006240152001363891
Marc Copland Quartet feat Robin Verheyen,51.8973901,-8.476346399999999,8370B4289701,South Main Street,51.897316,-8.476966,0.0006240152001363891
Solas Quartet: Spring String Quartet Series 2026,51.8973901,-8.476346399999999,8370B4289701,South Main Street,51.897316,-8.476966,0.0006240152001363891
Rockathon,53.4842453,-6.467504,8310B1014101,Fairyhouse,53.485032,-6.473666,0.006212015847532566
James Joyce Walking Tour,53.3541941,-6.259980499999999,8220DB006071,Parnell Street,53.353091,-6.260114,0.0011111488919149615
Cavan Arts Festival,53.991125,-7.3621779,8520B141471,Cavan Bus Station,53.990218,-7.363086,0.001283469754219671
Killeshandra Camino Calling,54.0135181,-7.529661299999999,8520B557461,Killeshandra,54.013891,-7.528225,0.0014839178211743646
Irish Chili Festival,51.89894839999999,-8.451922099999999,8370B248131,Centre Park Road,51.897536,-8.453139,0.0018643281282974746
Brendan Kelly Band,53.7154691,-7.7996269,8290IR0072,Longford,53.724079,-7.796346,0.00921383106096789
Philomena Begley & Ray Lynam,53.7154691,-7.7996269,8290IR0072,Longford,53.724079,-7.796346,0.00921383106096789
The Piano Man,53.7154691,-7.7996269,8290IR0072,Longford,53.724079,-7.796346,0.00921383106096789
Legends Of The 60's Show,53.7154691,-7.7996269,8290IR0072,Longford,53.724079,-7.796346,0.00921383106096789
Legends of American Country Show,53.7154691,-7.7996269,8290IR0072,Longford,53.724079,-7.796346,0.00921383106096789
The Ultimate Bubble Show,53.7154691,-7.7996269,8290IR0072,Longford,53.724079,-7.796346,0.00921383106096789
The Love Hungry Farmer,53.7154691,-7.7996269,8290IR0072,Longford,53.724079,-7.796346,0.00921383106096789
Don Baker – My Story Tour 2026,53.7154691,-7.7996269,8290IR0072,Longford,53.724079,-7.796346,0.00921383106096789
Artist-Initiated Projects 2026,53.3389205,-6.2745307,8220DB002312,Saint Luke's Avenue,53.338879,-6.275484,0.0009542028819910499
Elinor O’Donovan: Winter Sun,51.8973901,-8.476346399999999,8370B4289701,South Main Street,51.897316,-8.476966,0.0006240152001363891
Fishamble presents SILENT by Pat Kinevane,53.2883772,-6.372191,8230DB004647,Belgard Square North,53.290058,-6.371532,0.0018053724380327658
The King of All Birds,53.2883772,-6.372191,8230DB004647,Belgard Square North,53.290058,-6.371532,0.0018053724380327658
Simon Yates – Pleasure & Pain,53.2883772,-6.372191,8230DB004647,Belgard Square North,53.290058,-6.371532,0.0018053724380327658
Cork Comic Con 2026,51.89894839999999,-8.451922099999999,8370B248131,Centre Park Road,51.897536,-8.453139,0.0018643281282974746
Bealtaine Fire Festival 2026,53.4871893,-7.564556000000001,8330B598131,Killare,53.484504,-7.579546,0.01522862226499584
Cape Clear Island Races,51.4387985,-9.4922606,8380B215571,Meenvane,51.52801,-9.54251,0.10238991128334302
Daily Lough Ree & River Shannon Cruise,53.4233926,-7.9423094,8330B5546201,Castle Street,53.4226641777525,-7.94257368074834,0.0007748827553849192
Nourish & Flow Festival,53.0165403,-7.117371299999999,8280PB001384,Stradbally,53.01301,-7.145136,0.027988240105087686
The Drifter Tribute Show,51.63319070000001,-8.6994987,8380B2303101,Courtmacsherry,51.635306,-8.710628,0.011328539737317286
The House Must Win,51.90139749999999,-8.4683464,8370B11054,Cork Saint Patrick's Quay,51.900672,-8.467164,0.001387234662910364
The Skellig Coast Dark Skies Cruise by Starlight Sea Cruise,51.9256611,-10.2909282,8390LL10839,Knightstown,51.92648,-10.28781,0.003223936793734365
Tuesdays with Morrie,51.90139749999999,-8.4683464,8370B11054,Cork Saint Patrick's Quay,51.900672,-8.467164,0.001387234662910364
Tullamore TradFest,53.2752768,-7.4924439,832000073,High Street,53.274255,-7.492,0.0011140567534947616
Van Gogh - An Immersive Journey,53.3492451,-6.2275447,8220DB007399,The Point,53.348493,-6.226864,0.0010143997732648712
Wander Wild Festival 2026,52.02099,-9.50664,839000124,Gleneagle Hotel,52.0440401554159,-9.50267484856799,0.023388717163966302
Zog,51.9012982,-8.4684555,8370B299001,Merchants Quay,51.899985,-8.468247,0.0013296490100758549
Waterford Festival of Food 2026,52.0932368,-7.6304404,8450B356171,Dungarvan,52.0917365754635,-7.62110225140137,0.0094578905105742
Art for the Heart Doneraile Arts Festival 2026,52.2162916,-8.583008,8380B235741,Doneraile,52.216025,-8.585401,0.0024078049256524695
Spraoi International Street Arts Festival 2026,52.2572983,-7.1115235,8440B352271,John Street,52.2570082869854,-7.11123375130605,0.0004099534781928397
Viking History & Celtic Mythology Walking Tour of Athlone,53.4233926,-7.9423094,8330B5546201,Castle Street,53.4226641777525,-7.94257368074834,0.0007748827553849192
Mothers of Newbridge,53.4866405,-6.1680106,8240DB003745,Newbridge Demesne,53.480218,-6.163471,0.007864888709319742
"Little Baker, Big Baker",53.4866405,-6.1680106,8240DB003745,Newbridge Demesne,53.480218,-6.163471,0.007864888709319742
The 30+ Club,52.044466,-9.502486,839000124,Gleneagle Hotel,52.0440401554159,-9.50267484856799,0.0004658405214659756
The Piano Man,52.044466,-9.502486,839000124,Gleneagle Hotel,52.0440401554159,-9.50267484856799,0.0004658405214659756
Jason Byrne - Head in The Clouds,52.044466,-9.502486,839000124,Gleneagle Hotel,52.0440401554159,-9.50267484856799,0.0004658405214659756
Damien Dempsey,52.044466,-9.502486,839000124,Gleneagle Hotel,52.0440401554159,-9.50267484856799,0.0004658405214659756
Effie Neill Dance,52.044466,-9.502486,839000124,Gleneagle Hotel,52.0440401554159,-9.50267484856799,0.0004658405214659756
Gavin Gribben Dance,52.044466,-9.502486,839000124,Gleneagle Hotel,52.0440401554159,-9.50267484856799,0.0004658405214659756
John McNicholl Dance,52.044466,-9.502486,839000124,Gleneagle Hotel,52.0440401554159,-9.50267484856799,0.0004658405214659756
Shawn Cuddy Dance,52.044466,-9.502486,839000124,Gleneagle Hotel,52.0440401554159,-9.50267484856799,0.0004658405214659756
David James Dance,52.044466,-9.502486,839000124,Gleneagle Hotel,52.0440401554159,-9.50267484856799,0.0004658405214659756
Robert Mizzell Dance,52.044466,-9.502486,839000124,Gleneagle Hotel,52.0440401554159,-9.50267484856799,0.0004658405214659756
An Intimate Evening with Paul Young,52.044466,-9.502486,839000124,Gleneagle Hotel,52.0440401554159,-9.50267484856799,0.0004658405214659756
Because I’m Worth It,53.7154691,-7.7996269,8290IR0072,Longford,53.724079,-7.796346,0.00921383106096789
Annie the Musical,53.7154691,-7.7996269,8290IR0072,Longford,53.724079,-7.796346,0.00921383106096789
The Hunt Dinner Party,53.44457670000001,-6.1655167,8240DB003583,Saint Sylvester's School,53.449348,-6.163163,0.005320263844949957
The Things That Matter Most Are The Things That Can't Be Seen,54.0045323,-6.400592899999999,8300PB14077,Dundalk Roden Place,54.004474,-6.39903,0.0015639869884357068
The Bee Gees Story: Nights on Broadway,52.838161,-6.9278619,8210000199,Carlow College,52.838603,-6.927199,0.000796743628778846
Croílár Festival,53.4239226,-7.940277499999999,8330B455701,Northgate Street,53.42466,-7.94042,0.0007510426153078266
Celbridge St. Patrick's Day Festival 2026,53.3387702,-6.5394381,8260DB003929,Celbridge Main St,53.3389827093247,-6.53910489794851,0.00039520098709808194
Trace Your Irish Roots,53.3486898,-6.2482004,8220GA00427,George's Dock,53.34942861,-6.247569832,0.0009713167447932057
The Collector,54.0045323,-6.400592899999999,8300PB14077,Dundalk Roden Place,54.004474,-6.39903,0.0015639869884357068
Dancing at Lughnasa,54.0045323,-6.400592899999999,8300PB14077,Dundalk Roden Place,54.004474,-6.39903,0.0015639869884357068
Amid The Clouds,54.0045323,-6.400592899999999,8300PB14077,Dundalk Roden Place,54.004474,-6.39903,0.0015639869884357068
Dundalk Musical Society Gala,54.0045323,-6.400592899999999,8300PB14077,Dundalk Roden Place,54.004474,-6.39903,0.0015639869884357068
The Witch Who Couldn't Sleep,54.0045323,-6.400592899999999,8300PB14077,Dundalk Roden Place,54.004474,-6.39903,0.0015639869884357068
Saipan,54.0045323,-6.400592899999999,8300PB14077,Dundalk Roden Place,54.004474,-6.39903,0.0015639869884357068
"Mack Fleetwood, Europe’s Ultimate Tribute to Fleetwood Mac",52.3380334,-6.4621603,834000055,Custom House Quay,52.339415,-6.460298,0.0023188315699949865
A Night At The Opry,52.838161,-6.9278619,8210000199,Carlow College,52.838603,-6.927199,0.000796743628778846
"A Night At The Opry with Claudia Buckley, Johnny Brady & John Hogan",52.2666168,-9.7083368,8390B635851,Tralee Prince's Street,52.266953,-9.709685,0.0013894868405283879
A Wicked Easter,53.44457670000001,-6.1655167,8240DB003583,Saint Sylvester's School,53.449348,-6.163163,0.005320263844949957
ABAIR: Breanndán Ó Beaglaoich / Seamas Hyland,53.3346479,-6.2587823,8220DB001013,Earlsfort Terrace,53.334181,-6.258346,0.000639025273364818
ABAIR: Franke Archer / Ruth Clinton / Amy Bluemel,53.3450078,-6.269166299999999,8220DB001443,Wood Quay,53.345129,-6.26954,0.00039286273684479255
ABAIR: Little John Nee / Hugh Cooney,53.3507553,-6.2565686,8220DB000621,Talbot Street West,53.350518,-6.256268,0.0003829773492002755
ABAIR: Storytelling at The Peacock Bar,53.3483986,-6.257178199999999,8220DB000297,Eden Quay,53.3481432679358,-6.25677012601713,0.0004813718297814636
ABAIR: The Wilsons & The McKeaney Sisters,53.3450078,-6.269166299999999,8220DB001443,Wood Quay,53.345129,-6.26954,0.00039286273684479255
Acis and Galatea,52.1398345,-7.9293394,8450B255061,Lismore,52.136741,-7.934327,0.005869062617657822
"Aisling Bea ""Older Than Jesus""",52.3380334,-6.4621603,834000055,Custom House Quay,52.339415,-6.460298,0.0023188315699949865
Al Porter Algorithm,52.3380334,-6.4621603,834000055,Custom House Quay,52.339415,-6.460298,0.0023188315699949865
Albums Worth Talking About - Episode 2,53.3360639,-6.3240107,8220DB001949,Tyrconnell Park,53.337641,-6.323618,0.0016252561951876148
Alma Boliviana Ballet,53.3381736,-6.259119,8220DB000790,Stephen's Green Nth,53.339316,-6.258367,0.0013676921290986528
Alternative Side to Dublin | FREE Walking Tour,53.352914,-6.262148,8220DB000264,Parnell Square East,53.353316,-6.26197,0.0004396453115875427
An Audience with Liverpool Legends,52.044466,-9.502486,839000124,Gleneagle Hotel,52.0440401554159,-9.50267484856799,0.0004658405214659756
"Aran Knitting Workshop, Knit an Aran Scarf with Irish Wool",53.3450737,-6.2534374,8220DB000400,Shaw Street,53.344849,-6.25339,0.0002296450521971756
AS IF | Group Exhibition at the International Centre for the Image,53.3489638,-6.233671699999999,8220DB002502,New Wapping Street,53.34913,-6.2353,0.001636760009898872
Athlone River Festival 2026: Viking Themed,53.4239226,-7.940277499999999,8330B455701,Northgate Street,53.42466,-7.94042,0.0007510426153078266
Award Winning Danny Ryan plus Guests,51.9018264,-8.470619899999999,8370B258981,Coburg Street,51.90175,-8.47072,0.000125924461483107
Aware's Harbour2Harbour Walk 2026,53.2956349,-6.133322199999999,8250IR0124,Dun Laoghaire (Mallin),53.294776,-6.134575,0.001518952616117
Ballymaloe Festival of Food,51.865171,-8.073812,8380B237231,Ballymaloe,51.868543,-8.083596,0.010348769975221012
Beyond the Border,54.0045323,-6.400592899999999,8300PB14077,Dundalk Roden Place,54.004474,-6.39903,0.0015639869884357068
Bill Laurance: Presented by Music Network,51.8973901,-8.476346399999999,8370B4289701,South Main Street,51.897316,-8.476966,0.0006240152001363891
Blackwater Valley Opera Festival Chorus Recital,52.0891971,-7.8513248,845000054,Villierstown,52.08854,-7.85106,0.000708448621988471
Boots & Brews,53.44457670000001,-6.1655167,8240DB003583,Saint Sylvester's School,53.449348,-6.163163,0.005320263844949957
BVOF 2026 - Free Open Air Recital Castlemartyr,51.911187,-8.063296,8380B2115701,Castlemartyr,51.9118244519414,-8.05604612042964,0.007277849872202082
BVOF 2026 - Free Open Air Recital Dungarvan,52.092034,-7.618411500000001,8450B216321,Dungarvan,52.091475294971,-7.62091475352959,0.0025648449354359207
BVOF 2026 - Free Open Air Recital Youghal,51.9471285,-7.842490199999999,8380B244661,Youghal South,51.947357,-7.843017,0.000574221638393801
BVOF Opening Ceremony 2026 - Free Open Air Recital Lismore,52.13733389999999,-7.9335431,8450B255061,Lismore,52.136741,-7.934327,0.000982868058278579
Caife agus Comhluadar – Bígí linn ag caint ‘is ag comhrá Gaeilge,52.26644160000001,-9.7035741,8390LL11332,Tralee Denny Street,52.267583,-9.705702,0.0024146950884088663
Captain Splash,54.0045323,-6.400592899999999,8300PB14077,Dundalk Roden Place,54.004474,-6.39903,0.0015639869884357068
"Cash Returns, The Man In Black",52.3380334,-6.4621603,834000055,Custom House Quay,52.339415,-6.460298,0.0023188315699949865
Cavan Drama Festival 2026,53.9909933,-7.3621073,8520B141471,Cavan Bus Station,53.990218,-7.363086,0.0012485767016893572
Ceoltóirí Chualann agus Cór Cúil Aodha : Múscailt,53.3346479,-6.2587823,8220DB001013,Earlsfort Terrace,53.334181,-6.258346,0.000639025273364818
Chris Finnegan: Residency & Exhibition,51.8973901,-8.476346399999999,8370B4289701,South Main Street,51.897316,-8.476966,0.0006240152001363891
Chris Ramsey: Here Man,53.34267639999999,-6.2778366,8220DB001938,Cornmarket,53.342978,-6.276761,0.0011170845626043064
Christy Moore,52.044466,-9.502486,839000124,Gleneagle Hotel,52.0440401554159,-9.50267484856799,0.0004658405214659756
Clifden Piano Festival,53.4891345,-10.0202388,8470B635401,Clifden,53.48751,-10.02047,0.001640869796782998
Cliona Hagan In Concert,52.044466,-9.502486,839000124,Gleneagle Hotel,52.0440401554159,-9.50267484856799,0.0004658405214659756
Courtmacsherry Harbour Festival,51.63385539999999,-8.7059339,8380B2303101,Courtmacsherry,51.635306,-8.710628,0.004913126822099816
Cruise to Clonmacnoise,53.4233926,-7.9423094,8330B5546201,Castle Street,53.4226641777525,-7.94257368074834,0.0007748827553849192
Cuilcagh Camino 2026,54.1942277,-7.7041564,8520B1521601,Hawkswood,54.19608,-7.70347,0.00197538863265188
"Cures and Curses, An evening of traditional storytelling",53.3450737,-6.2534374,8220DB000400,Shaw Street,53.344849,-6.25339,0.0002296450521971756
Cushendall: Irish Song Cycles – Charles Villiers Stanford,52.0891971,-7.8513248,845000054,Villierstown,52.08854,-7.85106,0.000708448621988471
Dan McCabe with Special Guest Gearoid McCarthy,52.044466,-9.502486,839000124,Gleneagle Hotel,52.0440401554159,-9.50267484856799,0.0004658405214659756
Dancing Pianos! Dearbhla Collins & Finghin Collins Concert,52.0655322,-7.869051599999999,845000054,Villierstown,52.08854,-7.85106,0.029207131516121827
David McSavage 'The Occasional Ride',52.838161,-6.9278619,8210000199,Carlow College,52.838603,-6.927199,0.000796743628778846
Declan Nerney with special guests Mick Flavin & Louise Morrissey,52.838161,-6.9278619,8210000199,Carlow College,52.838603,-6.927199,0.000796743628778846
Dee Armstrong (Kila) Solo Album: Deichtines Daughter,53.3450737,-6.2534374,8220DB000400,Shaw Street,53.344849,-6.25339,0.0002296450521971756
Delphi Half Marathon & 10km,53.68832769999999,-9.7865142,8490B553111,Louisburgh,53.76375,-9.808138,0.07846089512446378
Dingle Food Festival 2026,52.1408534,-10.2671142,8390B6356301,Dingle,52.13898,-10.27207,0.0052980733479254015
Do I Love You?,53.3450078,-6.269166299999999,8220DB001443,Wood Quay,53.345129,-6.26954,0.00039286273684479255
Don Giovanni,52.1405094,-7.932057200000001,8450B255061,Lismore,52.136741,-7.934327,0.004399185220013216
Doris Day: A Date with the Girl Next Door,54.0045323,-6.400592899999999,8300PB14077,Dundalk Roden Place,54.004474,-6.39903,0.0015639869884357068
Drawing From the Well – The Breandán Breathnach Collection,53.3346479,-6.2587823,8220DB001013,Earlsfort Terrace,53.334181,-6.258346,0.000639025273364818
Dublin Book Festival 2026,53.34235220000001,-6.2500908,8220B111761,Westland Row Church,53.342626,-6.250132,0.0002768824299180539
Dublin City Council St. Patrick’s Festival Family Village,53.3444102,-6.2709812,8220DB007888,Winetavern Street,53.344561,-6.271891,0.0009222129255226115
Dublin City Council St Patrick's Festival Treasure Hunt,53.3449733,-6.2707241,8220DB001480,Ormond Quay Upper,53.345766,-6.27067,0.0007945439572465186
Dublin Comic Con Summer Edition 2026,53.3478621,-6.2395809,8220DB007398,Convention Centre,53.347499,-6.239853,0.00045374003570435554
Dundalk Comic Con 2026,53.9675971,-6.3873934,8300B133581,Haggardstown,53.963015,-6.387108,0.004590979587190888
Dundalk Photographic Society Exhibition 2026,54.0045323,-6.400592899999999,8300PB14077,Dundalk Roden Place,54.004474,-6.39903,0.0015639869884357068
Easter 2026 at Clonfert Farm,53.3618657,-6.6745734,8260PB10045,Rathcoffey,53.3341571403331,-6.67788819585792,0.027906131053840832
Easter Family Adventure at Kildare Farm Foods,53.1262731,-6.9570373,826000154,Walterstown,53.103065,-6.960398,0.023450164393878033
"Ecce Homo by Titian, National Gallery Dublin",51.8973901,-8.476346399999999,8370B4289701,South Main Street,51.897316,-8.476966,0.0006240152001363891
Éire to Everywhere: Stories Without Borders with Nuala O'Connor,53.3483124,-6.2481792,8220DB002499,Sean O'Casey Bridge,53.348128,-6.247128,0.0010672510482534882
Éire to Everywhere: Stories Without Borders with Oisín Fagan,53.3483124,-6.2481792,8220DB002499,Sean O'Casey Bridge,53.348128,-6.247128,0.0010672510482534882
Embroidery Workshop: Make an Irish Celtic Knot,53.3402225,-6.2549209,8220DB004530,Kildare Street,53.3403225334906,-6.25546724321507,0.000555425609684672
Evening: Born to Dance by Kerry School of Music Dance Academy,52.2666168,-9.7083368,8390B635851,Tralee Prince's Street,52.266953,-9.709685,0.0013894868405283879
Fair Deal,53.3483986,-6.257178199999999,8220DB000297,Eden Quay,53.3481432679358,-6.25677012601713,0.0004813718297814636
Faulty Towers The Dining Experience,53.30780290000001,-6.2545606,8220DB001062,Chuchtown Road Lower,53.30826,-6.255319,0.0008855004065421556
Fiona Marron—The centrality of bodies,53.3389205,-6.2745307,8220DB002312,Saint Luke's Avenue,53.338879,-6.275484,0.0009542028819910499
Flowers and Friendship Bracelets,51.9011156,-8.4683303,8370B299001,Merchants Quay,51.899985,-8.468247,0.0011336645226835956
Francis Rossi,52.044466,-9.502486,839000124,Gleneagle Hotel,52.0440401554159,-9.50267484856799,0.0004658405214659756
Frontlines: Irish Journalists Abroad,53.3483124,-6.2481792,8220DB002499,Sean O'Casey Bridge,53.348128,-6.247128,0.0010672510482534882
Galway Comic Con 2026,53.2789873,-9.039006,8460B5236801,Dexcom Stadium,53.27869,-9.038295,0.0007706544556420632
Gerard Byrne: An Artist's Eye | Exhibition,53.3437192,-6.262137999999999,8220DB007582,College Green,53.344322,-6.262228,0.0006094816157974883
Get Shamrocked!,53.3498053,-6.2603097,8220DB006059,The Spire of Dublin,53.3502244282714,-6.26018517538052,0.00043723550718813005
Goethe Choir presents Stabat Mater by Karl Jenkins,53.34351299999999,-6.2710602,8220PB11631,Winetavern Street,53.343467,-6.27201,0.0009509132662861062
Grace,53.7154691,-7.7996269,8290IR0072,Longford,53.724079,-7.796346,0.00921383106096789
Grace by Jody O'Neill,52.838161,-6.9278619,8210000199,Carlow College,52.838603,-6.927199,0.000796743628778846
Hothouse Flowers,52.3380334,-6.4621603,834000055,Custom House Quay,52.339415,-6.460298,0.0023188315699949865
I'm Grand Mam - Happy Campers,52.044466,-9.502486,839000124,Gleneagle Hotel,52.0440401554159,-9.50267484856799,0.0004658405214659756
In the Footsteps of St Patrick,53.3443804,-6.2632213,8220DB007581,College Green,53.344159,-6.263346,0.00025410243997366647
Ireland Card Show 2026,53.326698,-6.226029899999999,8220DB000417,Merrion Road,53.3277,-6.22597,0.0010037888273931178
Irish Baking Experience,52.4457718,-7.677380499999999,843000033,Fethard,52.466031,-7.695851,0.02741522487396315
Irish Heritage Recital - BVOF 2026,52.14926089999999,-7.880488999999999,845000005,Cappoquin,52.146660550323,-7.85102499985457,0.02957852469296734
Irish Salon Opera Series: The Deserted Village by John William Glover,52.1398345,-7.9293394,8450B255061,Lismore,52.136741,-7.934327,0.005869062617657822
Irish Writers’ Series: Samuel Beckett,52.1398345,-7.9293394,8450B255061,Lismore,52.136741,-7.934327,0.005869062617657822
Jack Patrick Healy - Orange is in the new Jack,52.044466,-9.502486,839000124,Gleneagle Hotel,52.0440401554159,-9.50267484856799,0.0004658405214659756
James McMurtry,53.33658,-6.265715,8220DB001353,Wexford Street,53.33601,-6.265419,0.0006422740847924329
Japanese Film Festival,54.0045323,-6.400592899999999,8300PB14077,Dundalk Roden Place,54.004474,-6.39903,0.0015639869884357068
Jarlath Regan Gas Man,52.3380334,-6.4621603,834000055,Custom House Quay,52.339415,-6.460298,0.0023188315699949865
Jason Byrne Head In The Clouds,52.3380334,-6.4621603,834000055,Custom House Quay,52.339415,-6.460298,0.0023188315699949865
Joe Stilgoe and the RTÉ CO Present: A Night at the Movies,53.3346479,-6.2587823,8220DB001013,Earlsfort Terrace,53.334181,-6.258346,0.000639025273364818
Joe the Magician - Live,52.3380334,-6.4621603,834000055,Custom House Quay,52.339415,-6.460298,0.0023188315699949865
Joe the Magician - Live,52.3380334,-6.4621603,834000055,Custom House Quay,52.339415,-6.460298,0.0023188315699949865
K-Pop Camp,53.44457670000001,-6.1655167,8240DB003583,Saint Sylvester's School,53.449348,-6.163163,0.005320263844949957
Kim Crowley: Residency & Exhibition,51.8973901,-8.476346399999999,8370B4289701,South Main Street,51.897316,-8.476966,0.0006240152001363891
Kinsale St. Patrick's Day Parade 2026,51.7058853,-8.5222327,8380B247191,Kinsale,51.7056067601612,-8.52182635309584,0.0004926481993441864
Kinsale St. Patrick's Maritime Parade 2026,51.7060502,-8.5225014,8380B247191,Kinsale,51.7056067601612,-8.52182635309584,0.0008076677617982859
Knockbride Festival Family Fun Day,53.9875971,-6.994836299999999,8520LL14245,Canningstown,53.98056,-7.04704,0.05267586800518941
Kyla Cobbler - Not My Lemons,52.044466,-9.502486,839000124,Gleneagle Hotel,52.0440401554159,-9.50267484856799,0.0004658405214659756
Kyla Cobbler: Not My Lemons,52.3380334,-6.4621603,834000055,Custom House Quay,52.339415,-6.460298,0.0023188315699949865
Lahinch Trad Festival 2026,52.9334632,-9.3440769,8360B3509601,Lahinch,52.93367,-9.34482,0.0007713389981078308
Let's Dance,54.0045323,-6.400592899999999,8300PB14077,Dundalk Roden Place,54.004474,-6.39903,0.0015639869884357068
Lewis Barfoot at The Cat & Cage Club,53.3711919,-6.2532521,8220DB007603,Saint Patrick's Campus,53.371577,-6.253183,0.0003912503290759115
Listowel Writers' Week 2026,52.4447194,-9.4870879,8390B335541,Listowel,52.445133,-9.486602,0.0006380938567345702
Live in the Marquee at Carndonagh,55.2510972,-7.261797,853000124,Carndonagh,55.251298,-7.261389,0.00045473579142194296
LoGaCulture Concert: “Music from the Boyne Valley” and DreaMR,53.3423388,-6.2501342,8220B111761,Westland Row Church,53.342626,-6.250132,0.00028720842606272444
Lón le Gaeilge – Lunch with Irish,52.26568169999999,-9.7063789,8390LL11011,Tralee Denny Street,52.266861,-9.706379,0.0011793000042508996
Macbeth - Volta Theatre Company,52.3380334,-6.4621603,834000055,Custom House Quay,52.339415,-6.460298,0.0023188315699949865
Magdalene Ho & Friends: French Elegance & Eastern Fire,52.0655322,-7.869051599999999,845000054,Villierstown,52.08854,-7.85106,0.029207131516121827
Mammy Mia! Here We Go Again,53.3355007,-6.2566432,8220DB000845,Leeson Street Lower,53.335453,-6.256252,0.0003940973610667074
Margins: Fine art Photography by Michael Corrigan,53.342295,-6.262154799999999,8220DB001279,College Green,53.34426,-6.261705,0.002015823662921244
Matinee: Born to Dance by Kerry School of Music Dance Academy,52.2666168,-9.7083368,8390B635851,Tralee Prince's Street,52.266953,-9.709685,0.0013894868405283879
Metronome: Paul G. Smyth; Joanna Mattrey,53.3346479,-6.2587823,8220DB001013,Earlsfort Terrace,53.334181,-6.258346,0.000639025273364818
Mícheál Ó Cléirigh Summer School 2026,54.546667,-8.205543,853000260,Rossnowlagh Friary,54.547818,-8.203895,0.0020101504918797137
Mike Denver & Guests In Concert,52.044466,-9.502486,839000124,Gleneagle Hotel,52.0440401554159,-9.50267484856799,0.0004658405214659756
Mike Rice: Cruel Little Man,53.34267639999999,-6.2778366,8220DB001938,Cornmarket,53.342978,-6.276761,0.0011170845626043064
Mozartly Mozart! BVOF 2026 Recital Waterford,52.12525249999999,-7.4800112,845000127,Stradbally,52.13109,-7.46165,0.019266812701901528
Music Network presents Théo Ould & Alison Langer,52.3380334,-6.4621603,834000055,Custom House Quay,52.339415,-6.460298,0.0023188315699949865
3 Hail Marys,52.838161,-6.9278619,8210000199,Carlow College,52.838603,-6.927199,0.000796743628778846
Nathan Carter,52.044466,-9.502486,839000124,Gleneagle Hotel,52.0440401554159,-9.50267484856799,0.0004658405214659756
"National Symphony Orchestra Ireland, Conductor David Brophy & Uilleann Piper Mark Redmond",52.3380334,-6.4621603,834000055,Custom House Quay,52.339415,-6.460298,0.0023188315699949865
Navan Comic Con 2026,53.65188819999999,-6.682937099999999,8310B5620001,Market Square,53.653032,-6.684572,0.001995288563100148
Needle Felting Workshop,53.3450737,-6.2534374,8220DB000400,Shaw Street,53.344849,-6.25339,0.0002296450521971756
New Ross Piano Festival 20th Year Celebration,52.3380334,-6.4621603,834000055,Custom House Quay,52.339415,-6.460298,0.0023188315699949865
NSOI: Alexander Shelley conducts,53.3346479,-6.2587823,8220DB001013,Earlsfort Terrace,53.334181,-6.258346,0.000639025273364818
Of Mornington by Billy Roche,52.3397212,-6.464063599999999,834000027,Custom House Quay,52.340606,-6.461284,0.0029170271167746876
Of Mornington by Billy Roche,53.3450078,-6.269166299999999,8220DB001443,Wood Quay,53.345129,-6.26954,0.00039286273684479255
Of Mornington by Billy Roche - Matinee,52.3397212,-6.464063599999999,834000027,Custom House Quay,52.340606,-6.461284,0.0029170271167746876
Orchestral Escapades with NSOI,53.3346479,-6.2587823,8220DB001013,Earlsfort Terrace,53.334181,-6.258346,0.000639025273364818
Paddy's Eve at Pygmalion with Jayda G & Henrik Schwarz,53.3421287,-6.2621742,8220DB001279,College Green,53.34426,-6.261705,0.002182335521861387
Paper Puppet Making for 5-10yrs -  Ceardlann puipeád,52.2666168,-9.7083368,8390B635851,Tralee Prince's Street,52.266953,-9.709685,0.0013894868405283879
Pas de Panique,52.838161,-6.9278619,8210000199,Carlow College,52.838603,-6.927199,0.000796743628778846
Patrick McDonnell (Fr Ted) plus Guests,51.9018264,-8.470619899999999,8370B258981,Coburg Street,51.90175,-8.47072,0.000125924461483107
Psychic Sally,52.2666168,-9.7083368,8390B635851,Tralee Prince's Street,52.266953,-9.709685,0.0013894868405283879
QHI Music Quiz,53.35218279999999,-6.2497095,8220IR0007,Dublin Connolly,53.351252,-6.249704,0.0009308162493057888
Quizhost Ireland Big Screen Movie Quiz,53.35218279999999,-6.2497095,8220IR0007,Dublin Connolly,53.351252,-6.249704,0.0009308162493057888
Qween & The Dublin Gospel Choir,52.044466,-9.502486,839000124,Gleneagle Hotel,52.0440401554159,-9.50267484856799,0.0004658405214659756
Randy Feltface: Gimmick,53.34267639999999,-6.2778366,8220DB001938,Cornmarket,53.342978,-6.276761,0.0011170845626043064
RDS Collins Memorial Recital,52.1398345,-7.9293394,8450B255061,Lismore,52.136741,-7.934327,0.005869062617657822
Regina Hanley & The Wolseley Singers with special guest Michael English,52.838161,-6.9278619,8210000199,Carlow College,52.838603,-6.927199,0.000796743628778846
Roscrea Goes Green - St Patrick’s Day Parade 2026,52.9554226,-7.7992473,8420B4552901,Roscrea Castle Street,52.955153,-7.797604,0.0016652684618400785
"Self Portrait by Gwen John, National Portrait Gallery London",51.8973901,-8.476346399999999,8370B4289701,South Main Street,51.897316,-8.476966,0.0006240152001363891
Serena Terry: Therapy,52.044466,-9.502486,839000124,Gleneagle Hotel,52.0440401554159,-9.50267484856799,0.0004658405214659756
Simon Yates Pleasure & Pain Presented by Speakers from the Edge,52.3380334,-6.4621603,834000055,Custom House Quay,52.339415,-6.460298,0.0023188315699949865
Simple Things,52.044466,-9.502486,839000124,Gleneagle Hotel,52.0440401554159,-9.50267484856799,0.0004658405214659756
Sligo St. Patrick's Festival,54.2718062,-8.4731925,8510B5584201,Sligo Markievicz Road,54.272628,-8.474111,0.0012324761620400378
Sneem St Patrick’s Day Parade,51.8373942,-9.8983245,8390B6373801,Sneem,51.83732,-9.89861,0.00029498455891835266
Spéirbhean | Sky Woman,53.3481028,-6.2667014,8220GA00405,Jervis,53.347744,-6.26531,0.0014369173253874102
Spraoí at the Helix - A St. Patrick’s Show,53.3864373,-6.259149400000001,8220DB007571,DCU Helix,53.386776,-6.258725,0.000542985312877788
St. Patrick's Festival Dublin 2026,53.3498053,-6.2603097,8220DB006059,The Spire of Dublin,53.3502244282714,-6.26018517538052,0.00043723550718813005
Kilkenny St. Patrick's Festival 2026,52.6549027,-7.246402900000001,8270CD10285,Kilkenny MacDonagh Station,52.65466,-7.245762,0.0006853145992916953
St.Patrick's Dancing Weekend: Jack Keogh Dance,52.044466,-9.502486,839000124,Gleneagle Hotel,52.0440401554159,-9.50267484856799,0.0004658405214659756
St.Patrick's Dancing Weekend: Jimmy Buckley Dance,52.044466,-9.502486,839000124,Gleneagle Hotel,52.0440401554159,-9.50267484856799,0.0004658405214659756
St.Patrick's Dancing Weekend: Stuart Moyles Dance,52.044466,-9.502486,839000124,Gleneagle Hotel,52.0440401554159,-9.50267484856799,0.0004658405214659756
St Patrick's Festival Parade Dublin,53.3498053,-6.2603097,8220DB006059,The Spire of Dublin,53.3502244282714,-6.26018517538052,0.00043723550718813005
St Patrick's Weekend Special with St Patser Murray & Guests,51.9018264,-8.470619899999999,8370B258981,Coburg Street,51.90175,-8.47072,0.000125924461483107
St Patrick's Weekend Special with The Best of Cork,51.9018264,-8.470619899999999,8370B258981,Coburg Street,51.90175,-8.47072,0.000125924461483107
Stories & Crafts for 4-10yrs  - Scealaíocht & Cearadíocht,52.2666168,-9.7083368,8390B635851,Tralee Prince's Street,52.266953,-9.709685,0.0013894868405283879
Suktinis,53.3368301,-6.2595386,8220DB006074,Earlsfort Terrace,53.335886,-6.25754,0.0022103680168690507
"Symphony in White, No. 2: The Little White Girl by James McNeill Whistler, Tate Britain London",51.8973901,-8.476346399999999,8370B4289701,South Main Street,51.897316,-8.476966,0.0006240152001363891
Tara Erraught: Arias and Lieder Recital,52.0043819,-7.8870189,8380B2163401,Youghal North,51.956599373306,-7.85126291889837,0.059679645121288816
The Bee Gees Story - Nights On Broadway,52.3380334,-6.4621603,834000055,Custom House Quay,52.339415,-6.460298,0.0023188315699949865
The Best of Cork Winter Series,51.9018264,-8.470619899999999,8370B258981,Coburg Street,51.90175,-8.47072,0.000125924461483107
The Billy Joel Songbook,52.3380334,-6.4621603,834000055,Custom House Quay,52.339415,-6.460298,0.0023188315699949865
The Bloody Stream Shenanigans!,53.3889995,-6.0742026,8240IR0017,Howth,53.388893,-6.074211,0.00010683075399309323
The Carpenters Experience,52.838161,-6.9278619,8210000199,Carlow College,52.838603,-6.927199,0.000796743628778846
The Cúpla Focal Tour,53.3483124,-6.2481792,8220DB002499,Sean O'Casey Bridge,53.348128,-6.247128,0.0010672510482534882
The Dawson Chorus Pop Choir,53.3447504,-6.2674142,8220DB002912,Parliament Street,53.3446304774615,-6.26736693757294,0.00012889977599833737
The Dubliners Encore,52.044466,-9.502486,839000124,Gleneagle Hotel,52.0440401554159,-9.50267484856799,0.0004658405214659756
The Dubliners Encore,52.3380334,-6.4621603,834000055,Custom House Quay,52.339415,-6.460298,0.0023188315699949865
The Easter Bunny's Big Surprise,52.4267921,-6.7547637,8340B3512502,Clonroche,52.449365,-6.719094,0.042212122814423624
The Gaeilge Guide,53.29294470000001,-6.131842499999999,8250DB003069,Corrig Avenue,53.290753,-6.132638,0.00233160226883157
The Gralton Big Band,53.3346479,-6.2587823,8220DB001013,Earlsfort Terrace,53.334181,-6.258346,0.000639025273364818
The Kilfenora Céilí Band and Guests,53.3346479,-6.2587823,8220DB001013,Earlsfort Terrace,53.334181,-6.258346,0.000639025273364818
The Kings of Irish Country Show,52.3380334,-6.4621603,834000055,Custom House Quay,52.339415,-6.460298,0.0023188315699949865
The Mersey Beatles,52.044466,-9.502486,839000124,Gleneagle Hotel,52.0440401554159,-9.50267484856799,0.0004658405214659756
The Mersey Beatles,52.3380334,-6.4621603,834000055,Custom House Quay,52.339415,-6.460298,0.0023188315699949865
The Music of The Lord of The Rings. Tribute to Howard Shore,53.3558017,-6.261491299999999,8220DB000261,Parnell Square East,53.354056,-6.262853,0.0022139772763069506
The Plough and The Stars,53.3483986,-6.257178199999999,8220DB000297,Eden Quay,53.3481432679358,-6.25677012601713,0.0004813718297814636
The Pulze Festival 2026,52.5031703,-6.5731293,834000029,The Duffry,52.503047,-6.572438,0.0007022097834687673
The Quiet Men,53.3418082,-6.260657,8220DB000793,Dawson Street,53.3408597860288,-6.25840386924731,0.002444603699884277
Theatre Nights presented by The Light Opera Society of Tralee,52.2666168,-9.7083368,8390B635851,Tralee Prince's Street,52.266953,-9.709685,0.0013894868405283879
Through her Eyes: Love and Loss Recital,52.1202193,-7.864168400000001,845000152,Cappoquin,52.14643,-7.85066,0.029486906671436868
Top 8 Hip Hop & Street Dance Festival,52.663839,-8.626729899999999,8400B6078301,Sarsfield Street,52.664056,-8.627278,0.0005894935198975382
"Top of the Hill by Grace Henry, Limerick Gallery of Art",51.8973901,-8.476346399999999,8370B4289701,South Main Street,51.897316,-8.476966,0.0006240152001363891
Tuesdays with Morrie by Mitch Albom presented by Breda Cashe and Pat Moylan,52.3380334,-6.4621603,834000055,Custom House Quay,52.339415,-6.460298,0.0023188315699949865
Uisce Álainn 2026,54.2689311,-8.456528,8510B554971,Doorly Park,54.2675405408101,-8.45596867699791,0.0014988319056129418
usual and generous ways,53.2709115,-9.0573006,8460B5222901,Father Griffin Road,53.268576,-9.058108,0.002471124240092551
"Watersongs - Niamh O'Sullivan, Gary Beecher Concert",52.0655322,-7.869051599999999,845000054,Villierstown,52.08854,-7.85106,0.029207131516121827
West Wicklow Chamber Music Festival,53.1696579,-6.534068700000001,8350B136181,St Marys Church,53.1711388340211,-6.53220359393051,0.0023815512224831257
The 62nd Wexford Drama Festival,52.3380334,-6.4621603,834000055,Custom House Quay,52.339415,-6.460298,0.0023188315699949865
Wexford Light Opera Society Jesus Christ Superstar ,52.3380334,-6.4621603,834000055,Custom House Quay,52.339415,-6.460298,0.0023188315699949865
When Forests Sing,52.1370902,-7.932667699999999,8450B255061,Lismore,52.136741,-7.934327,0.0016956465227177017
Wild Swimming,53.3418082,-6.260657,8220DB000793,Dawson Street,53.3408597860288,-6.25840386924731,0.002444603699884277
Wild Women Wellness and Sauna,53.0089293,-6.3004389,8350LL10454,Laragh,53.0088800807346,-6.29974249033111,0.0006981468062014229
Easter Treasure Hunt Schull Regatta,51.5265207,-9.5442418,8380B215571,Meenvane,51.52801,-9.54251,0.002284107206329971
Schull Regatta Festival 2026,51.5267627,-9.5451619,8380B215591,Schull,51.52704,-9.54757,0.0024240133869270304
Skellig Coast Dark Sky Festival 2026,51.82958499999999,-10.172331,8390B6373202,Waterville,51.827606,-10.17205,0.001998850169456907
Cork on a Fork Fest 2026,51.8987528,-8.4706315,8370B241201,Saint Patrick's Street,51.899066,-8.471013,0.0004935954720215562
International Literature Festival Dublin 2026,53.3396722,-6.249213399999999,8220DB007391,Merrion Square South,53.339091,-6.249916,0.0009118334277710757
MONSTER,53.3450078,-6.269166299999999,8220DB001443,Wood Quay,53.345129,-6.26954,0.00039286273684479255
Celine Byrne - Songs of Inspiration & Hope,52.838161,-6.9278619,8210000199,Carlow College,52.838603,-6.927199,0.000796743628778846
Sinderella - Gagging for a Ball,52.838161,-6.9278619,8210000199,Carlow College,52.838603,-6.927199,0.000796743628778846
The Summer Country Show,52.838161,-6.9278619,8210000199,Carlow College,52.838603,-6.927199,0.000796743628778846
LOINNIR presented by Céim Arts,52.2666168,-9.7083368,8390B635851,Tralee Prince's Street,52.266953,-9.709685,0.0013894868405283879
International Festival of Time Waterford 2026,52.2599757,-7.107011,8440B352551,The Mall,52.259724,-7.10658,0.0004991131034141862
Vittorio Angelone 'you can’t Say Nothing any more',52.3380334,-6.4621603,834000055,Custom House Quay,52.339415,-6.460298,0.0023188315699949865
Smithwick's Experience Kilkenny St Patrick's Festival,52.6543481,-7.2542673,8270CD10291,Parliament Street,52.654852,-7.254833,0.0007575828007533795
Adult Board Games Social Night,53.34670699999999,-6.280046599999999,8220DB007855,Usher's Quay,53.345988,-6.279809,0.0007572415466574101
Retro Ibiza Rave,52.3415989,-6.4626639,834000027,Custom House Quay,52.340606,-6.461284,0.00169999247645382
High School Musical JR ,52.2666168,-9.7083368,8390B635851,Tralee Prince's Street,52.266953,-9.709685,0.0013894868405283879
Joe The Magician – Live,52.2666168,-9.7083368,8390B635851,Tralee Prince's Street,52.266953,-9.709685,0.0013894868405283879
Adult Seasonal Flower Arranging with Maura's Cottage,52.2666168,-9.7083368,8390B635851,Tralee Prince's Street,52.266953,-9.709685,0.0013894868405283879
Gavin James,52.044466,-9.502486,839000124,Gleneagle Hotel,52.0440401554159,-9.50267484856799,0.0004658405214659756
Niall McCabe,52.044466,-9.502486,839000124,Gleneagle Hotel,52.0440401554159,-9.50267484856799,0.0004658405214659756
Bingo Loco,52.044466,-9.502486,839000124,Gleneagle Hotel,52.0440401554159,-9.50267484856799,0.0004658405214659756
Biird,52.044466,-9.502486,839000124,Gleneagle Hotel,52.0440401554159,-9.50267484856799,0.0004658405214659756
Doireann Garrihy - The Laughs Of Your Life Live,52.044466,-9.502486,839000124,Gleneagle Hotel,52.0440401554159,-9.50267484856799,0.0004658405214659756
Killian Sundermann - Killian Dollar Baby,52.044466,-9.502486,839000124,Gleneagle Hotel,52.0440401554159,-9.50267484856799,0.0004658405214659756
Mary Black - The Slán Tour,52.044466,-9.502486,839000124,Gleneagle Hotel,52.0440401554159,-9.50267484856799,0.0004658405214659756
The Makings of a Murderer,52.044466,-9.502486,839000124,Gleneagle Hotel,52.0440401554159,-9.50267484856799,0.0004658405214659756
Gareth - The Uncut Tour,52.044466,-9.502486,839000124,Gleneagle Hotel,52.0440401554159,-9.50267484856799,0.0004658405214659756
Ireland Bike Fest 2026,52.044466,-9.502486,839000124,Gleneagle Hotel,52.0440401554159,-9.50267484856799,0.0004658405214659756
K Pop Forever!,52.044466,-9.502486,839000124,Gleneagle Hotel,52.0440401554159,-9.50267484856799,0.0004658405214659756
Music Current 2026,53.344979,-6.266262999999999,8220DB000312,Wellington Quay,53.3454764728264,-6.2662061554843,0.0005007100078563267
Macbeth,53.3448366,-6.2691234,8220DB001443,Wood Quay,53.345129,-6.26954,0.0005089728087038262
Easter Teidí Tours at the GAA Museum,53.3606949,-6.249427499999999,8220DB000499,Summerhill Parade,53.35745,-6.249089,0.0032625079708699352
St Patrick's Festival Shamrock Special,53.38879499999999,-6.0746619,8240DB000579,Howth Station,53.3886612440087,-6.07428746276879,0.0003976102429773189
The Irish Coffee Experience,53.3456096,-6.2588141,8220DB000320,Westmoreland Street,53.3456456323889,-6.25930523253448,0.0004924525352499581
St Declan's Way Annual Pilgrimage 2026,52.2277778,-7.915277799999999,8430B250131,Ardfinnan,52.309222,-7.885088,0.08685955179299494
Restival 2026,52.2375821,-7.212399899999999,8450B2162501,Kilmeaden,52.2322354422984,-7.24140594786238,0.029494703951264325
Paul Dunlea & Scott Flanigan: Triskel Lunchtime Jazz Series 2026,51.8973901,-8.476346399999999,8370B4289701,South Main Street,51.897316,-8.476966,0.0006240152001363891
The Short Films of David Lynch,51.8973901,-8.476346399999999,8370B4289701,South Main Street,51.897316,-8.476966,0.0006240152001363891
Hard Boiled,51.8973901,-8.476346399999999,8370B4289701,South Main Street,51.897316,-8.476966,0.0006240152001363891
Hamnet,51.8973901,-8.476346399999999,8370B4289701,South Main Street,51.897316,-8.476966,0.0006240152001363891
If I Had Legs I'd Kick You,51.8973901,-8.476346399999999,8370B4289701,South Main Street,51.897316,-8.476966,0.0006240152001363891
Woman in Stem's Q1 Check In : Locking In for 2026,53.3483198,-6.255915099999999,8220DB000300,Eden Quay,53.348299,-6.255757,0.00015946237800757853
Robert Boyle Summer School 2026,52.1405094,-7.932057200000001,8450B255061,Lismore,52.136741,-7.934327,0.004399185220013216
The Churchyard Sessions 2026,52.26033160000001,-7.105473,8450B247551,Lombard Street,52.259489,-7.105222,0.000879190400316885
The Apple Market Sessions 2026,52.2580351,-7.111824400000001,8440B352271,John Street,52.2570082869854,-7.11123375130605,0.0011845720098889957
TuneFest Dungarvan 2026,52.0899102,-7.6211079,8450B216321,Dungarvan,52.091475294971,-7.62091475352959,0.0015769679220831848
Waterford Viking Marathon 2026,52.2600557,-7.1055822,8450B247551,Lombard Street,52.259489,-7.105222,0.0006714856141421278
GAA World Games 2026,52.2516716,-7.1791792,8450B353251,Whitfield Hospital,52.24034,-7.17419,0.012381327683247878
Slow Looking Tour - Recovered Voices: Stories and Experiences of the Irish during World War One,53.3489404,-6.2863653,8220GA00390,Museum,53.34791536,-6.286955636,0.001182879365990168
Tour & Whiskey Tasting Experience,53.44457670000001,-6.1655167,8240DB003583,Saint Sylvester's School,53.449348,-6.163163,0.005320263844949957
A Quiet Love,54.0045323,-6.400592899999999,8300PB14077,Dundalk Roden Place,54.004474,-6.39903,0.0015639869884357068
Buail isteach ag Saotharlann an Zú Mhairbh don imeacht: An Nathair Nimhe in Éirinn?,53.3489404,-6.2863653,8220GA00390,Museum,53.34791536,-6.286955636,0.001182879365990168
Thread Therapy,54.0045323,-6.400592899999999,8300PB14077,Dundalk Roden Place,54.004474,-6.39903,0.0015639869884357068
Telling Tinder Tales,54.0045323,-6.400592899999999,8300PB14077,Dundalk Roden Place,54.004474,-6.39903,0.0015639869884357068
Horseshoe,54.0045323,-6.400592899999999,8300PB14077,Dundalk Roden Place,54.004474,-6.39903,0.0015639869884357068
International Pan Celtic Festival,52.8364127,-6.928037100000001,8210000199,Carlow College,52.838603,-6.927199,0.002345170718734971
Easter Egg Hunt at Brigit's Garden,53.3858367,-9.212856100000002,8470B530951,Droimnín,53.35576,-9.20752,0.030546388429733246
Easter Weekend At Wells House & Gardens,52.5283829,-6.344859599999999,834000060,Ballyedmond,52.541811,-6.342236,0.013682000824811786
HOT MESS,53.3450078,-6.269166299999999,8220DB001443,Wood Quay,53.345129,-6.26954,0.00039286273684479255
Simple Creatures,53.3450078,-6.269166299999999,8220DB001443,Wood Quay,53.345129,-6.26954,0.00039286273684479255
Doomslayers LIVE!: Season 3 Premiere,53.3450078,-6.269166299999999,8220DB001443,Wood Quay,53.345129,-6.26954,0.00039286273684479255
A Grain of Sand حبّة رمل,53.3450078,-6.269166299999999,8220DB001443,Wood Quay,53.345129,-6.26954,0.00039286273684479255
"Sliver Salon: Sarah Schulman, The Fantasy and Necessity of Solidarity",53.3450078,-6.269166299999999,8220DB001443,Wood Quay,53.345129,-6.26954,0.00039286273684479255
Ed Sheeran Experience,52.044466,-9.502486,839000124,Gleneagle Hotel,52.0440401554159,-9.50267484856799,0.0004658405214659756
Michael English Dance,52.044466,-9.502486,839000124,Gleneagle Hotel,52.0440401554159,-9.50267484856799,0.0004658405214659756
What's Love Got To Do With It - Tina Turner Tribute,52.044466,-9.502486,839000124,Gleneagle Hotel,52.0440401554159,-9.50267484856799,0.0004658405214659756
George Murphy & The Rising Sons,52.044466,-9.502486,839000124,Gleneagle Hotel,52.0440401554159,-9.50267484856799,0.0004658405214659756
Michael Collins Band & Louise Morrissey Dance,52.044466,-9.502486,839000124,Gleneagle Hotel,52.0440401554159,-9.50267484856799,0.0004658405214659756
Johnny Brady Dance,52.044466,-9.502486,839000124,Gleneagle Hotel,52.0440401554159,-9.50267484856799,0.0004658405214659756
Pete Tong Presents Ibiza Classics,52.044466,-9.502486,839000124,Gleneagle Hotel,52.0440401554159,-9.50267484856799,0.0004658405214659756
Nathan Carter Cabaret & Dancing,52.044466,-9.502486,839000124,Gleneagle Hotel,52.0440401554159,-9.50267484856799,0.0004658405214659756
Brendan Shine Dance,52.044466,-9.502486,839000124,Gleneagle Hotel,52.0440401554159,-9.50267484856799,0.0004658405214659756
Mike Denver,52.044466,-9.502486,839000124,Gleneagle Hotel,52.0440401554159,-9.50267484856799,0.0004658405214659756
Moth & Butterfly Storytellers,53.3483124,-6.2481792,8220DB002499,Sean O'Casey Bridge,53.348128,-6.247128,0.0010672510482534882
City Funfair,53.3481876,-6.2506375,8220DB002498,IFSC,53.34828,-6.25027,0.0003789380028441643
Cailleach : A Dance for the Witches of Ireland,53.3423616,-6.2666319,8220DB001283,South Great George's Street,53.341809,-6.264928,0.0017912682574082375
Céilí Mór,53.3396722,-6.249213399999999,8220DB007391,Merrion Square South,53.339091,-6.249916,0.0009118334277710757
Sweet Jayne Band,53.3483124,-6.2481792,8220DB002499,Sean O'Casey Bridge,53.348128,-6.247128,0.0010672510482534882
Dee Armstrong (Kila) & Friends,53.3483124,-6.2481792,8220DB002499,Sean O'Casey Bridge,53.348128,-6.247128,0.0010672510482534882
Up Sadbh Down,53.3484666,-6.2687446,8220DB007883,Ormond Quay,53.346058,-6.268496,0.0024213954489120905
North : South,53.3444102,-6.2709812,8220DB007888,Winetavern Street,53.344561,-6.271891,0.0009222129255226115
Silk Worm Drop-in for Families,53.3422356,-6.2672762,8220DB001935,Lord Edward Street,53.343934,-6.268326,0.001996657857516567
Samba Dance Brazil,53.3423616,-6.2666319,8220DB001283,South Great George's Street,53.341809,-6.264928,0.0017912682574082375
The Crucible - The Gaiety Theatre,53.34046129999999,-6.2615754,8220GA00059,St. Stephen's Green,53.339197,-6.261319,0.0012900369955820292
Spraoí at the Helix,53.3864373,-6.259149400000001,8220DB007571,DCU Helix,53.386776,-6.258725,0.000542985312877788
GIVĒON,53.3474963,-6.2285078,8220DB007623,The Point,53.346861,-6.228878,0.0007352918672253037
Oscar Wilde's De Profundis -  A love letter rediscovered,53.3367903,-6.2601607,8220DB007996,Saint Stephen's Green South,53.337264,-6.261751,0.00165935101169133
Tour: The Saints of Ireland,53.3402225,-6.2549209,8220DB004530,Kildare Street,53.3403225334906,-6.25546724321507,0.000555425609684672
Celebrate St. Patrick's week at Dublinia,53.343149,-6.2720614,8220PB11631,Winetavern Street,53.343467,-6.27201,0.0003221272419402807
Rock Against Homelessness,53.34430949999999,-6.2660651,8220DB001934,Dame Street,53.344118,-6.265525,0.0005730447277427489
Cecilia Vicuña: Reverse Migration a Poetic Journey,53.3434597,-6.29712,8220DB002638,St Johns Road West,53.345659,-6.296959,0.002205185137353275
"Fisherwoman, Fisherwoman:  Camille Souter & Alberta Whittle",53.3434597,-6.29712,8220DB002638,St Johns Road West,53.345659,-6.296959,0.002205185137353275
Mike Rice,53.34267639999999,-6.2778366,8220DB001938,Cornmarket,53.342978,-6.276761,0.0011170845626043064
Gorey St Patrick’s Day Parade 2026,52.675307,-6.295941,834000020,Gorey Main Street,52.675465,-6.295683,0.00030253594828010927
Ballina-Killaloe St. Patrick's Day parade,52.808886,-8.4475152,8360B3368401,Killaloe,52.80406,-8.43974,0.009151175391172557
Ablefest Killarney 2026,52.0599609,-9.504537,839000039,East Avenue,52.058591,-9.505044,0.0014607104470090624
Killarney St Patrick's Festival 2026,52.0599609,-9.504537,839000039,East Avenue,52.058591,-9.505044,0.0014607104470090624
Kilkenny Tradfest,52.6549027,-7.246402900000001,8270CD10285,Kilkenny MacDonagh Station,52.65466,-7.245762,0.0006853145992916953
54th Limerick International Band Championship,52.663839,-8.626729899999999,8400B6078301,Sarsfield Street,52.664056,-8.627278,0.0005894935198975382
Galway St. Patrick’s Day Festival 2026,53.27056400000001,-9.0566819,8460B5220101,Spanish Arch,53.27036,-9.05466,0.0020321652516467332
Cork St. Patrick's Festival 2026,51.8985143,-8.4756035,8370B2406901,Daunt's Square,51.898202,-8.475581,0.00031310946967921994
County Wexford - St. Patrick’s Day 2026,52.336916,-6.4633381,834000055,Custom House Quay,52.339415,-6.460298,0.0039353791443773045
"Block Party, Waterford",52.2593205,-7.106186699999999,8440B352041,The Mall,52.25966,-7.10642,0.0004119334169464734
Hay! Presented by Lyngo Theatre - Noon Show,52.2666168,-9.7083368,8390B635851,Tralee Prince's Street,52.266953,-9.709685,0.0013894868405283879
Hay! Presented by Lyngo Theatre - 10:30am Show,52.2666168,-9.7083368,8390B635851,Tralee Prince's Street,52.266953,-9.709685,0.0013894868405283879
PIAF The Paris Icon and the Glasgow girl,52.2666168,-9.7083368,8390B635851,Tralee Prince's Street,52.266953,-9.709685,0.0013894868405283879
Dr. Malie Coyne: Winging It – The Art Of Figuring Life Out,52.2666168,-9.7083368,8390B635851,Tralee Prince's Street,52.266953,-9.709685,0.0013894868405283879
K-Pop – Superslayers Live!,52.2666168,-9.7083368,8390B635851,Tralee Prince's Street,52.266953,-9.709685,0.0013894868405283879
Movie: The Swallow,52.2666168,-9.7083368,8390B635851,Tralee Prince's Street,52.266953,-9.709685,0.0013894868405283879
Declan Nerney in Concert,52.2666168,-9.7083368,8390B635851,Tralee Prince's Street,52.266953,-9.709685,0.0013894868405283879
ECSTATIC CÉILÍ,53.3638475,-6.2709211,8220DB000838,Charleville Lawn,53.364319,-6.270189,0.0008707942696196792
An Evening with Darth Vader - Dundalk,54.0045323,-6.400592899999999,8300PB14077,Dundalk Roden Place,54.004474,-6.39903,0.0015639869884357068
An Evening with Darth Vader - Drogheda,53.71604850000001,-6.346798499999999,8300B111501,Scotch Hall,53.7135965703729,-6.34792813596826,0.002699636330521547
Shirley Valentine starring Norma Sheahan,52.2666168,-9.7083368,8390B635851,Tralee Prince's Street,52.266953,-9.709685,0.0013894868405283879
CISEACH | An Embodied Manifesto,52.2666168,-9.7083368,8390B635851,Tralee Prince's Street,52.266953,-9.709685,0.0013894868405283879
Springsteen – A Tribute,52.2666168,-9.7083368,8390B635851,Tralee Prince's Street,52.266953,-9.709685,0.0013894868405283879
"3 Hail Mary’s presented by Crokey Plays, written by Tommy Marren",52.2666168,-9.7083368,8390B635851,Tralee Prince's Street,52.266953,-9.709685,0.0013894868405283879
Trio Bohémo presented by Music Network,52.2666168,-9.7083368,8390B635851,Tralee Prince's Street,52.266953,-9.709685,0.0013894868405283879
The Prince of Egypt – The Musical : Irish Premiere,52.2666168,-9.7083368,8390B635851,Tralee Prince's Street,52.266953,-9.709685,0.0013894868405283879
Live Talk with Mountaineer Simon Yates,52.2666168,-9.7083368,8390B635851,Tralee Prince's Street,52.266953,-9.709685,0.0013894868405283879
Timeless & Irish presented by Radio Kerry,52.2666168,-9.7083368,8390B635851,Tralee Prince's Street,52.266953,-9.709685,0.0013894868405283879
(6-10yrs) Easter Clay Creations with Amy Smith from Tralee Pottery Club,52.2666168,-9.7083368,8390B635851,Tralee Prince's Street,52.266953,-9.709685,0.0013894868405283879
(2-5yrs) Parent & Toddler Easter Clay Workshop,52.2666168,-9.7083368,8390B635851,Tralee Prince's Street,52.266953,-9.709685,0.0013894868405283879
(5-11yrs) Nature’s Creative Explorers,52.2666168,-9.7083368,8390B635851,Tralee Prince's Street,52.266953,-9.709685,0.0013894868405283879
Juanita’s Big Problem presented by Circus250 (5-12yrs),52.2666168,-9.7083368,8390B635851,Tralee Prince's Street,52.266953,-9.709685,0.0013894868405283879
SIMPLY THE BEST Rebecca O’Connor as Tina Turner,52.2666168,-9.7083368,8390B635851,Tralee Prince's Street,52.266953,-9.709685,0.0013894868405283879
Shuteen Erdenebaatar Quartet presented by Music Network,52.2666168,-9.7083368,8390B635851,Tralee Prince's Street,52.266953,-9.709685,0.0013894868405283879
Summer Country With the Stars,52.2666168,-9.7083368,8390B635851,Tralee Prince's Street,52.266953,-9.709685,0.0013894868405283879
The Love Hungry Farmer by John B. Keane,52.2666168,-9.7083368,8390B635851,Tralee Prince's Street,52.266953,-9.709685,0.0013894868405283879
Vittorio Angelone: You Can’t Say Nothing Any More,52.2666168,-9.7083368,8390B635851,Tralee Prince's Street,52.266953,-9.709685,0.0013894868405283879
Onóir Live in Concert,52.2666168,-9.7083368,8390B635851,Tralee Prince's Street,52.266953,-9.709685,0.0013894868405283879
Gearóid Farrelly: No Pressure,52.2666168,-9.7083368,8390B635851,Tralee Prince's Street,52.266953,-9.709685,0.0013894868405283879
"Philadelphia, here I come ! presented by Zyber Theatre",52.2666168,-9.7083368,8390B635851,Tralee Prince's Street,52.266953,-9.709685,0.0013894868405283879
Anne Gildea – Further Adventures in Womaning,52.2666168,-9.7083368,8390B635851,Tralee Prince's Street,52.266953,-9.709685,0.0013894868405283879
Rory’s Stories: The Good Ol’ Days,52.2666168,-9.7083368,8390B635851,Tralee Prince's Street,52.266953,-9.709685,0.0013894868405283879
"Nature’s Creative Explorers. A playful, inclusive workshop for children aged 5–11 with additional needs.",52.2666168,-9.7083368,8390B635851,Tralee Prince's Street,52.266953,-9.709685,0.0013894868405283879
Bon Jovee ‘The Bon Jovi Tribute Show’,52.2666168,-9.7083368,8390B635851,Tralee Prince's Street,52.266953,-9.709685,0.0013894868405283879
Sinéad Culbert: I’m No Wonder Woman,52.2666168,-9.7083368,8390B635851,Tralee Prince's Street,52.266953,-9.709685,0.0013894868405283879
Movie: Easter Parade,52.2666168,-9.7083368,8390B635851,Tralee Prince's Street,52.266953,-9.709685,0.0013894868405283879
Ralph McTell ‘Somewhere Down the Road’,52.2666168,-9.7083368,8390B635851,Tralee Prince's Street,52.266953,-9.709685,0.0013894868405283879
(5yrs+) Pop-up Easter Puppet Workshop,52.2666168,-9.7083368,8390B635851,Tralee Prince's Street,52.266953,-9.709685,0.0013894868405283879
(5yrs+) Pop-up Easter Puppet Workshop,52.2666168,-9.7083368,8390B635851,Tralee Prince's Street,52.266953,-9.709685,0.0013894868405283879
An Evening with Darth Vader - Dun Laoghaire,53.2898401,-6.130033399999999,8250DB003068,George's St Upper,53.28983,-6.130488,0.0004547121836945006
Gina & The Champions,52.044466,-9.502486,839000124,Gleneagle Hotel,52.0440401554159,-9.50267484856799,0.0004658405214659756
Grace O'Malley Festival,53.9619505,-10.015335,8490B6380901,Bun an Churraigh,53.97501,-9.98567,0.03241238598514311
Taylor Fever,52.044466,-9.502486,839000124,Gleneagle Hotel,52.0440401554159,-9.50267484856799,0.0004658405214659756
Dublin City Ramblers,52.044466,-9.502486,839000124,Gleneagle Hotel,52.0440401554159,-9.50267484856799,0.0004658405214659756
The Wolfe Tones,52.044466,-9.502486,839000124,Gleneagle Hotel,52.0440401554159,-9.50267484856799,0.0004658405214659756
Dreams of Freedom,52.044466,-9.502486,839000124,Gleneagle Hotel,52.0440401554159,-9.50267484856799,0.0004658405214659756
The Wolfe Tones,52.044466,-9.502486,839000124,Gleneagle Hotel,52.0440401554159,-9.50267484856799,0.0004658405214659756
Bray St. Patrick’s Festival Bray,53.2010587,-6.1110501,8350DB004171,Kilmantain Park,53.200509,-6.111505,0.0007135153116793149
Comeraghs Wild Festival,52.1826121,-7.6512664,845000049,Touraneena,52.202,-7.71564,0.06722983744863502
Wells Food Fest 2026,52.5283829,-6.344859599999999,834000060,Ballyedmond,52.541811,-6.342236,0.013682000824811786
Wells House and Gardens Doggie Day Out,52.5283829,-6.344859599999999,834000060,Ballyedmond,52.541811,-6.342236,0.013682000824811786
Culture Date with Dublin 8,53.34785249999999,-6.318115199999999,8220DB002192,Salmon Pool,53.347246,-6.315671,0.0025183240240254623
Mike Denver Dance,52.044466,-9.502486,839000124,Gleneagle Hotel,52.0440401554159,-9.50267484856799,0.0004658405214659756
Galway Potters Market 2026,53.2743394,-9.0492276,8460B5230101,Eyre Square,53.2747593973543,-9.04893497271276,0.0005118872013017211
The Kilkennys,52.044466,-9.502486,839000124,Gleneagle Hotel,52.0440401554159,-9.50267484856799,0.0004658405214659756
Dublin City Ramblers,52.044466,-9.502486,839000124,Gleneagle Hotel,52.0440401554159,-9.50267484856799,0.0004658405214659756
Philomena Begley & Guests,52.044466,-9.502486,839000124,Gleneagle Hotel,52.0440401554159,-9.50267484856799,0.0004658405214659756
Dreams of Freedom,52.044466,-9.502486,839000124,Gleneagle Hotel,52.0440401554159,-9.50267484856799,0.0004658405214659756
Gina & The Champions,52.044466,-9.502486,839000124,Gleneagle Hotel,52.0440401554159,-9.50267484856799,0.0004658405214659756
Michael English Dance,52.044466,-9.502486,839000124,Gleneagle Hotel,52.0440401554159,-9.50267484856799,0.0004658405214659756
K Pop Forever!,52.044466,-9.502486,839000124,Gleneagle Hotel,52.0440401554159,-9.50267484856799,0.0004658405214659756
Jack Keogh Dance,52.044466,-9.502486,839000124,Gleneagle Hotel,52.0440401554159,-9.50267484856799,0.0004658405214659756
Gina & The Champions,52.044466,-9.502486,839000124,Gleneagle Hotel,52.0440401554159,-9.50267484856799,0.0004658405214659756
ABBAESQUE,52.044466,-9.502486,839000124,Gleneagle Hotel,52.0440401554159,-9.50267484856799,0.0004658405214659756
Michael English Dance,52.044466,-9.502486,839000124,Gleneagle Hotel,52.0440401554159,-9.50267484856799,0.0004658405214659756
Mike Denver Cabaret & Dancing,52.044466,-9.502486,839000124,Gleneagle Hotel,52.0440401554159,-9.50267484856799,0.0004658405214659756
Michael Collins Band & Louise Morrissey Dance,52.044466,-9.502486,839000124,Gleneagle Hotel,52.0440401554159,-9.50267484856799,0.0004658405214659756
Brendan Shine Dance,52.044466,-9.502486,839000124,Gleneagle Hotel,52.0440401554159,-9.50267484856799,0.0004658405214659756
Derek Ryan Dance,52.044466,-9.502486,839000124,Gleneagle Hotel,52.0440401554159,-9.50267484856799,0.0004658405214659756
Dreams of Freedom,52.044466,-9.502486,839000124,Gleneagle Hotel,52.0440401554159,-9.50267484856799,0.0004658405214659756
Dublin City Ramblers,52.044466,-9.502486,839000124,Gleneagle Hotel,52.0440401554159,-9.50267484856799,0.0004658405214659756
Garron Noone,52.044466,-9.502486,839000124,Gleneagle Hotel,52.0440401554159,-9.50267484856799,0.0004658405214659756
Michael English Dance,52.044466,-9.502486,839000124,Gleneagle Hotel,52.0440401554159,-9.50267484856799,0.0004658405214659756
David James Dance,52.044466,-9.502486,839000124,Gleneagle Hotel,52.0440401554159,-9.50267484856799,0.0004658405214659756
Michael English Cabaret & Dancing,52.044466,-9.502486,839000124,Gleneagle Hotel,52.0440401554159,-9.50267484856799,0.0004658405214659756
Effie Neill Dance,52.044466,-9.502486,839000124,Gleneagle Hotel,52.0440401554159,-9.50267484856799,0.0004658405214659756
The Kilkennys,52.044466,-9.502486,839000124,Gleneagle Hotel,52.0440401554159,-9.50267484856799,0.0004658405214659756
Mike Denver Dance,52.044466,-9.502486,839000124,Gleneagle Hotel,52.0440401554159,-9.50267484856799,0.0004658405214659756
James,52.044466,-9.502486,839000124,Gleneagle Hotel,52.0440401554159,-9.50267484856799,0.0004658405214659756
Remembering Joe - The Joe Dolan Show,52.044466,-9.502486,839000124,Gleneagle Hotel,52.0440401554159,-9.50267484856799,0.0004658405214659756
Cash Returns,52.044466,-9.502486,839000124,Gleneagle Hotel,52.0440401554159,-9.50267484856799,0.0004658405214659756
Declan Nerney Dance,52.044466,-9.502486,839000124,Gleneagle Hotel,52.0440401554159,-9.50267484856799,0.0004658405214659756
TR Dallas Dance,52.044466,-9.502486,839000124,Gleneagle Hotel,52.0440401554159,-9.50267484856799,0.0004658405214659756
ABBAESQUE,52.044466,-9.502486,839000124,Gleneagle Hotel,52.0440401554159,-9.50267484856799,0.0004658405214659756
The Whistlin' Donkeys,52.044466,-9.502486,839000124,Gleneagle Hotel,52.0440401554159,-9.50267484856799,0.0004658405214659756
EASA Seanchai,52.2580351,-7.111824400000001,8440B352271,John Street,52.2570082869854,-7.11123375130605,0.0011845720098889957
Aonach na nDéise Viking Heritage Festival,52.2545247,-7.180487800000001,8450B353251,Whitfield Hospital,52.24034,-7.17419,0.015519922645742805
Dunmore East Bluegrass Festival 2026,52.1527666,-6.994803999999999,8450B247721,Dock Road,52.15284,-6.99473,0.00010422840303708131
Waterford Harvest Festival 2026,52.2610635,-7.111957899999999,8440B3102102,The Clock Tower,52.262054,-7.111572,0.0010630188427305889
Vitamin Sea Festival 2026,52.1597061,-7.1403336,8450B353051,Riverstown,52.166139,-7.139007,0.0065682623249989
Waterford Winterval 2026,52.2610635,-7.111957899999999,8440B3102102,The Clock Tower,52.262054,-7.111572,0.0010630188427305889
Enchanted Garden Winter Lights 2026,52.1633068,-7.149873299999999,8450B3314401,Tramore Bus Station,52.162197,-7.148262,0.0019565131561026018
An Evening with Johns' Boys Welsh Male Voice Choir,52.3380334,-6.4621603,834000055,Custom House Quay,52.339415,-6.460298,0.0023188315699949865
Johns' Boys Welsh Male Voice Choir,53.3395154,-6.2714767,8220DB002383,Saint Patrick's Cathedral,53.339458,-6.272653,0.0011776996433727805
Kingdom County Show 2026,52.2471172,-9.6232364,8390LL11008,Farmers Bridge,52.2419463119032,-9.65827932210708,0.03542237249977164
Popstars The Musical,54.0045323,-6.400592899999999,8300PB14077,Dundalk Roden Place,54.004474,-6.39903,0.0015639869884357068
Calum Macphail,52.044466,-9.502486,839000124,Gleneagle Hotel,52.0440401554159,-9.50267484856799,0.0004658405214659756
Jurassic Wild - Battle of the T-Rex's,52.044466,-9.502486,839000124,Gleneagle Hotel,52.0440401554159,-9.50267484856799,0.0004658405214659756
ABBA by Moonlight,53.4866405,-6.1680106,8240DB003745,Newbridge Demesne,53.480218,-6.163471,0.007864888709319742
Wells House and Gardens Classic Car Show 2026,52.5283829,-6.344859599999999,834000060,Ballyedmond,52.541811,-6.342236,0.013682000824811786
Kevin Quigley & The Great Ideas,53.2699902,-9.0577598,8460B5222901,Father Griffin Road,53.268576,-9.058108,0.0014564356765744094
Summer In The City Waterford 2026,52.2610635,-7.111957899999999,8440B3102102,The Clock Tower,52.262054,-7.111572,0.0010630188427305889
Ronan Collins Showband Hits,52.044466,-9.502486,839000124,Gleneagle Hotel,52.0440401554159,-9.50267484856799,0.0004658405214659756
Michael Starring Ben - The Magic Of Michael Jackson,52.044466,-9.502486,839000124,Gleneagle Hotel,52.0440401554159,-9.50267484856799,0.0004658405214659756
Cormac Begley,52.044466,-9.502486,839000124,Gleneagle Hotel,52.0440401554159,-9.50267484856799,0.0004658405214659756
Seventh Wonder performs Fleetwood Mac Orchestrated,52.044466,-9.502486,839000124,Gleneagle Hotel,52.0440401554159,-9.50267484856799,0.0004658405214659756
80's Icons Show,52.044466,-9.502486,839000124,Gleneagle Hotel,52.0440401554159,-9.50267484856799,0.0004658405214659756
Calum MacPhail,52.044466,-9.502486,839000124,Gleneagle Hotel,52.0440401554159,-9.50267484856799,0.0004658405214659756
Coldplace,52.044466,-9.502486,839000124,Gleneagle Hotel,52.0440401554159,-9.50267484856799,0.0004658405214659756
Onóir,52.044466,-9.502486,839000124,Gleneagle Hotel,52.0440401554159,-9.50267484856799,0.0004658405214659756
Sorry You Felt That Way,53.3450078,-6.269166299999999,8220DB001443,Wood Quay,53.345129,-6.26954,0.00039286273684479255
Mike Wozniak: The Bench,52.044466,-9.502486,839000124,Gleneagle Hotel,52.0440401554159,-9.50267484856799,0.0004658405214659756
The Seeger Sessions Revival,52.044466,-9.502486,839000124,Gleneagle Hotel,52.0440401554159,-9.50267484856799,0.0004658405214659756
David O'Doherty: Highway To The David Zone,52.044466,-9.502486,839000124,Gleneagle Hotel,52.0440401554159,-9.50267484856799,0.0004658405214659756
Summer Solstic on Uisneach,53.4837751,-7.554963600000001,8330B598131,Killare,53.484504,-7.579546,0.024593204040343118
Christophe Capewell + Brooke Sharkey + Isak's Island,53.3498083,-6.2778361,8220GA00399,Smithfield,53.3472,-6.278116,0.002623275223836109
The Portrait of a Lady: Jane Campion Season,51.8973901,-8.476346399999999,8370B4289701,South Main Street,51.897316,-8.476966,0.0006240152001363891
The Piano: Jane Campion Season,51.8973901,-8.476346399999999,8370B4289701,South Main Street,51.897316,-8.476966,0.0006240152001363891
Holy Smoke: Jane Campion Season,51.8973901,-8.476346399999999,8370B4289701,South Main Street,51.897316,-8.476966,0.0006240152001363891
ABAIR: Stoite/Uprooted,53.3449334,-6.2645228,8220B1351001,Wellington Quay,53.3458641751298,-6.26381729294171,0.001167939446864381
"The Big Dig Workshop, A Viking House Excavation",53.3450562,-6.271027,8220DB001480,Ormond Quay Upper,53.345766,-6.27067,0.000794521893967652
Taste of Kildare,53.2193372,-6.647107999999999,8260B1038101,St Corban's Cemetery,53.2256491831853,-6.65068033829214,0.007252774131667453
"Iarla Ó lionáird, Cormac McCarthy & Aoife Ní Bhriain - with support from The Lady Desart Choir",52.6567338,-7.257318,8270CD10323,Dean Street,52.655319,-7.257678,0.0014598832282062993
St Patrick's Festival at EPIC,53.3483124,-6.2481792,8220DB002499,Sean O'Casey Bridge,53.348128,-6.247128,0.0010672510482534882
Clare Sands live at Billy Byrne's (Kilkenny Tradfest 2026),52.6547385,-7.2470052,8270CD10285,Kilkenny MacDonagh Station,52.65466,-7.245762,0.0012456759169224838
Emma Langford Live at Kilkenny Tradfest 2026,52.6550549,-7.2551907,8270CD10290,Parliament Street,52.654997,-7.255067,0.00013658001317942285
Mundy - Live at Kilkenny Tradfest 2026,52.6531445,-7.253276700000001,8270CD10288,Market Yard,52.654113,-7.253043,0.0009962971143180654
An Céilí Mór with The Blackwater Céilí Band & Craobh Osraí CCE,52.6515406,-7.249257200000001,8270PB001161,Kilkenny Castle,52.649929,-7.249523,0.0016333720335518812
How I Became A Wave - Kilkenny Tradfest 2026,52.6550549,-7.2551907,8270CD10290,Parliament Street,52.654997,-7.255067,0.00013658001317942285
Séamus & Caoimhe Uí Fhlatharta - Kilkenny Tradfest 2026,52.6547385,-7.2470052,8270CD10285,Kilkenny MacDonagh Station,52.65466,-7.245762,0.0012456759169224838
Pádraig Jack Live at Kilkenny Tradfest 2026,52.6547385,-7.2470052,8270CD10285,Kilkenny MacDonagh Station,52.65466,-7.245762,0.0012456759169224838
Cut & Paste No. 9 2026: Remembering Arthur Griffith,53.3541997,-6.2599662,8220DB006071,Parnell Street,53.353091,-6.260114,0.0011185081716317351
Limerick St. Patrick’s Festival 2026,52.663839,-8.626729899999999,8400B6078301,Sarsfield Street,52.664056,-8.627278,0.0005894935198975382
Thundercat,53.34267639999999,-6.2778366,8220DB001938,Cornmarket,53.342978,-6.276761,0.0011170845626043064
Dylan Moran: Dollah Ho,53.34267639999999,-6.2778366,8220DB001938,Cornmarket,53.342978,-6.276761,0.0011170845626043064
Searows,53.34267639999999,-6.2778366,8220DB001938,Cornmarket,53.342978,-6.276761,0.0011170845626043064
An Evening with Ricky Tomlinson - My Arse,53.34267639999999,-6.2778366,8220DB001938,Cornmarket,53.342978,-6.276761,0.0011170845626043064
Dan McCabe with Special Guest Gearoid McCarthy,53.34267639999999,-6.2778366,8220DB001938,Cornmarket,53.342978,-6.276761,0.0011170845626043064
Freddie Gibbs,53.34267639999999,-6.2778366,8220DB001938,Cornmarket,53.342978,-6.276761,0.0011170845626043064
Alison Spittle - Big,53.34267639999999,-6.2778366,8220DB001938,Cornmarket,53.342978,-6.276761,0.0011170845626043064
Dry Cleaning,53.34267639999999,-6.2778366,8220DB001938,Cornmarket,53.342978,-6.276761,0.0011170845626043064
Tony Cantwell,53.34267639999999,-6.2778366,8220DB001938,Cornmarket,53.342978,-6.276761,0.0011170845626043064
The Blindboy Podcast,53.34267639999999,-6.2778366,8220DB001938,Cornmarket,53.342978,-6.276761,0.0011170845626043064
Happy Mondays with Special Guests The Farm,53.34267639999999,-6.2778366,8220DB001938,Cornmarket,53.342978,-6.276761,0.0011170845626043064
Janine Harouni with This is What You Waited For,53.34267639999999,-6.2778366,8220DB001938,Cornmarket,53.342978,-6.276761,0.0011170845626043064
Jen Brister: Reactive,53.34267639999999,-6.2778366,8220DB001938,Cornmarket,53.342978,-6.276761,0.0011170845626043064
Vittorio Angelone: You Can't Say Nothing Any More,53.34267639999999,-6.2778366,8220DB001938,Cornmarket,53.342978,-6.276761,0.0011170845626043064
Tim Key - Loganberry,53.34267639999999,-6.2778366,8220DB001938,Cornmarket,53.342978,-6.276761,0.0011170845626043064
Keep It Tight - Deirdre O'Kane & Emma Doran Live Podcast,52.044466,-9.502486,839000124,Gleneagle Hotel,52.0440401554159,-9.50267484856799,0.0004658405214659756
Michael English Dance,52.044466,-9.502486,839000124,Gleneagle Hotel,52.0440401554159,-9.50267484856799,0.0004658405214659756
Newport Gráinne Uaile Festival 2026,53.8852758,-9.5463685,8490B6381001,Newport,53.88534,-9.54651,0.00015538304283146834
Scrooge: A Cirque Spectacular,52.044466,-9.502486,839000124,Gleneagle Hotel,52.0440401554159,-9.50267484856799,0.0004658405214659756
Celine Byrne's Christmas Celebration,52.044466,-9.502486,839000124,Gleneagle Hotel,52.0440401554159,-9.50267484856799,0.0004658405214659756
Take It To The Limit - A Celebration Of The Eagles,52.044466,-9.502486,839000124,Gleneagle Hotel,52.0440401554159,-9.50267484856799,0.0004658405214659756
Cowboys and Heroes 2026,54.0276611,-7.751960200000001,848000007,Ballinamore East,54.0541272225589,-7.79587300319241,0.051271726394940625
The Three Amigos,52.044466,-9.502486,839000124,Gleneagle Hotel,52.0440401554159,-9.50267484856799,0.0004658405214659756
Cork Harbour Festival 2026,51.8985143,-8.4756035,8370B2406901,Daunt's Square,51.898202,-8.475581,0.00031310946967921994
Diversity,52.044466,-9.502486,839000124,Gleneagle Hotel,52.0440401554159,-9.50267484856799,0.0004658405214659756
Macbeth,52.65369279999999,-8.6426977,841000082,Mary Immaculate College,52.653546,-8.642824,0.00019365415047628334
Christopher Cross,52.044466,-9.502486,839000124,Gleneagle Hotel,52.0440401554159,-9.50267484856799,0.0004658405214659756
Carlow Garden Festival 2026,52.7354501,-6.7206312,8210B351721,Ballon,52.740087,-6.770225,0.04981009777193813
How To Tackle Your Finances With Eoin McGee,52.044466,-9.502486,839000124,Gleneagle Hotel,52.0440401554159,-9.50267484856799,0.0004658405214659756
Sirât,51.8973901,-8.476346399999999,8370B4289701,South Main Street,51.897316,-8.476966,0.0006240152001363891
Twinless,51.8973901,-8.476346399999999,8370B4289701,South Main Street,51.897316,-8.476966,0.0006240152001363891
Ky Nam Inn (EAFFI),51.8973901,-8.476346399999999,8370B4289701,South Main Street,51.897316,-8.476966,0.0006240152001363891
The System (EAFFI),51.8973901,-8.476346399999999,8370B4289701,South Main Street,51.897316,-8.476966,0.0006240152001363891
The Mad Executioners,51.8973901,-8.476346399999999,8370B4289701,South Main Street,51.897316,-8.476966,0.0006240152001363891
The Killer,51.8973901,-8.476346399999999,8370B4289701,South Main Street,51.897316,-8.476966,0.0006240152001363891
The Secret Agent,51.8973901,-8.476346399999999,8370B4289701,South Main Street,51.897316,-8.476966,0.0006240152001363891
The President's Cake,51.8973901,-8.476346399999999,8370B4289701,South Main Street,51.897316,-8.476966,0.0006240152001363891
I Wish You Were Here,51.8973901,-8.476346399999999,8370B4289701,South Main Street,51.897316,-8.476966,0.0006240152001363891
Mark Mehigan,52.044466,-9.502486,839000124,Gleneagle Hotel,52.0440401554159,-9.50267484856799,0.0004658405214659756
André Rieu,53.3474963,-6.2285078,8220DB007623,The Point,53.346861,-6.228878,0.0007352918672253037
Rick Astley - The Reflection Tour 2026,53.3474963,-6.2285078,8220DB007623,The Point,53.346861,-6.228878,0.0007352918672253037
Yungblud,53.3474963,-6.2285078,8220DB007623,The Point,53.346861,-6.228878,0.0007352918672253037
Peter Kay Live,53.3474963,-6.2285078,8220DB007623,The Point,53.346861,-6.228878,0.0007352918672253037
Matt Rife - Stay Golden World Tour,53.3474963,-6.2285078,8220DB007623,The Point,53.346861,-6.228878,0.0007352918672253037
NE-YO & AKON,53.3474963,-6.2285078,8220DB007623,The Point,53.346861,-6.228878,0.0007352918672253037
Big Thief,53.3474963,-6.2285078,8220DB007623,The Point,53.346861,-6.228878,0.0007352918672253037
Louis Tomlinson - How Did We Get Here? World Tour,53.3474963,-6.2285078,8220DB007623,The Point,53.346861,-6.228878,0.0007352918672253037
European Wool Experience,52.276508,-9.691972,839000106,Cloonalour,52.2763,-9.69249,0.0005582006807590173
Ben De La Cour,54.1150523,-9.1524659,8490B0559721,Dillon Terrace,54.11527,-9.15117,0.0013140586364378938
NSOI: Music for Good Friday,53.3346479,-6.2587823,8220DB001013,Earlsfort Terrace,53.334181,-6.258346,0.000639025273364818
The Glenn Miller Orchestra,53.3346479,-6.2587823,8220DB001013,Earlsfort Terrace,53.334181,-6.258346,0.000639025273364818
Family Concert: Springtime with The Jacquin Trio,53.3346479,-6.2587823,8220DB001013,Earlsfort Terrace,53.334181,-6.258346,0.000639025273364818
NCH Presents Open Door Series with RIAM Young Artist Programme,53.3346479,-6.2587823,8220DB001013,Earlsfort Terrace,53.334181,-6.258346,0.000639025273364818
RTÉ lyric fm The Hamilton Scores Live,53.3346479,-6.2587823,8220DB001013,Earlsfort Terrace,53.334181,-6.258346,0.000639025273364818
'It Don't Mean a Thing',53.3346479,-6.2587823,8220DB001013,Earlsfort Terrace,53.334181,-6.258346,0.000639025273364818
NCH Landmarks: David Kitt - the Big Romance,53.3346479,-6.2587823,8220DB001013,Earlsfort Terrace,53.334181,-6.258346,0.000639025273364818
Metronome: Little Gem Big Band,53.3346479,-6.2587823,8220DB001013,Earlsfort Terrace,53.334181,-6.258346,0.000639025273364818
The Four Seasons Chamber Music Series: Frühlingsglaube (Faith in Spring),53.3346479,-6.2587823,8220DB001013,Earlsfort Terrace,53.334181,-6.258346,0.000639025273364818
Introduction to Enamel Workshop,53.343767,-6.2642441,8220DB007581,College Green,53.344159,-6.263346,0.000979922246914426
Scéal Phadraig ‘Legends & Libations’,52.0585793,-9.5071186,839000003,East Avenue,52.058626,-9.505133,0.0019861491006461104
THE VOYAGE:  music inspired by the sea with West Cork Choral Singers,51.680921,-9.4530825,8380B256041,Bantry,51.68045,-9.45405,0.0010760563414604198
West Cork Chamber Music Festival 2026,51.6792697,-9.4504086,8380B256041,Bantry,51.68045,-9.45405,0.003827910925036223
Siansa Gael Linn 2026 - Craobh Chomórtas,53.3346479,-6.2587823,8220DB001013,Earlsfort Terrace,53.334181,-6.258346,0.000639025273364818
Perspectives: The Köln Concert,53.3346479,-6.2587823,8220DB001013,Earlsfort Terrace,53.334181,-6.258346,0.000639025273364818
NMD26: Diatribe Stage - Sophie Cooper + Eimear Reidy // Strider,53.344979,-6.266262999999999,8220DB000312,Wellington Quay,53.3454764728264,-6.2662061554843,0.0005007100078563267
NMD26: What's Next? Nadar Summer School,53.3346479,-6.2587823,8220DB001013,Earlsfort Terrace,53.334181,-6.258346,0.000639025273364818
Drumreilly Community Camino,54.0234052,-7.7495734,848000007,Ballinamore East,54.0541272225589,-7.79587300319241,0.05556524026659163
Jake Kalilec: Triskel Lunchtime Jazz Series 2026,51.8973901,-8.476346399999999,8370B4289701,South Main Street,51.897316,-8.476966,0.0006240152001363891
The Dublin Jazz Co-op Presents: 'Ben Shutz Up & Playz',53.3498083,-6.2778361,8220GA00399,Smithfield,53.3472,-6.278116,0.002623275223836109
Don’t Tell Dad About Diana,53.3418082,-6.260657,8220DB000793,Dawson Street,53.3408597860288,-6.25840386924731,0.002444603699884277
Dún Laoghaire Musical & Dramatic Society: Guys and Dolls,53.2939206,-6.133966699999999,8250DB004983,Dun Laoghaire Stn,53.294078,-6.134308,0.00037584631167550864
Monday Night Cinema: Solo,53.2939206,-6.133966699999999,8250DB004983,Dun Laoghaire Stn,53.294078,-6.134308,0.00037584631167550864
Wagner’s Siegfried  - Encore Screening,53.2939206,-6.133966699999999,8250DB004983,Dun Laoghaire Stn,53.294078,-6.134308,0.00037584631167550864
Music Network: Trio Bohémo,53.2939206,-6.133966699999999,8250DB004983,Dun Laoghaire Stn,53.294078,-6.134308,0.00037584631167550864
"Dubray: The Read Irish Women Event with Jan Carson, Edel Coffey, Charleen Hurtubise & Louise Nealon",53.2939206,-6.133966699999999,8250DB004983,Dun Laoghaire Stn,53.294078,-6.134308,0.00037584631167550864
Pavilion Theatre presents Evgeny Grinko,53.2939206,-6.133966699999999,8250DB004983,Dun Laoghaire Stn,53.294078,-6.134308,0.00037584631167550864
Monday Night Cinema: Urchin,53.2939206,-6.133966699999999,8250DB004983,Dun Laoghaire Stn,53.294078,-6.134308,0.00037584631167550864
The House Must Win by Mick Flannery,53.2939206,-6.133966699999999,8250DB004983,Dun Laoghaire Stn,53.294078,-6.134308,0.00037584631167550864
Monday Night Cinema: The Mastermind,53.2939206,-6.133966699999999,8250DB004983,Dun Laoghaire Stn,53.294078,-6.134308,0.00037584631167550864
Monday Night Cinema: H is for Hawk,53.2939206,-6.133966699999999,8250DB004983,Dun Laoghaire Stn,53.294078,-6.134308,0.00037584631167550864
St Patrick’s Athletic vs Derry City,53.3403942,-6.316088300000001,8220DB001946,Emmet Road,53.340119,-6.316357,0.0003846228412324461
St Patrick’s Athletic vs Drogheda United,53.3409846,-6.3167475,8220DB001946,Emmet Road,53.340119,-6.316357,0.0009496070819004006
Whiskey and Living History,53.343149,-6.2720614,8220PB11631,Winetavern Street,53.343467,-6.27201,0.0003221272419402807
Rush Harbour Festival & Airshow 2026,53.5308576,-6.087006,8240DB003834,Palmer Road,53.530942,-6.091491,0.0044857940612568915
Sneem Summer Festival 2026,51.8373942,-9.8983245,8390B6373801,Sneem,51.83732,-9.89861,0.00029498455891835266
Annual Fota House Easter Egg Trail,51.8938576,-8.303795899999999,8380IR0009,Fota,51.895614,-8.318616,0.014923816702508122
90s Silent Disco | Live Aid at the National Library of Ireland exhibition,53.3453111,-6.265425,8220DB000312,Wellington Quay,53.3454764728264,-6.2662061554843,0.0007984685731835326
Live Aid Sunday Sessions: Spring Reset | Live Aid at the National Library of Ireland exhibition,53.3453111,-6.265425,8220DB000312,Wellington Quay,53.3454764728264,-6.2662061554843,0.0007984685731835326
The Big Green Trad,53.4773383,-7.3688373,8330LL00007,Belvedere House,53.47571,-7.36794,0.0018591686798138114
NMD26: Ensemble Musikfabrik presents “It Breathes”,53.3346479,-6.2587823,8220DB001013,Earlsfort Terrace,53.334181,-6.258346,0.000639025273364818
NMD26: Musikfabrik presents 'No Salt',53.3346479,-6.2587823,8220DB001013,Earlsfort Terrace,53.334181,-6.258346,0.000639025273364818
NMD26: Diatribe Stage - Wind Songs // Sky Rivers,53.344979,-6.266262999999999,8220DB000312,Wellington Quay,53.3454764728264,-6.2662061554843,0.0005007100078563267
NMD26: For Morton Feldman,53.3346479,-6.2587823,8220DB001013,Earlsfort Terrace,53.334181,-6.258346,0.000639025273364818
NMD26: Ghost Trance Music,53.3346479,-6.2587823,8220DB001013,Earlsfort Terrace,53.334181,-6.258346,0.000639025273364818
NMD26: Gerald Barry's Salome with NSOI,53.3346479,-6.2587823,8220DB001013,Earlsfort Terrace,53.334181,-6.258346,0.000639025273364818
NMD26: Diatribe Stage - Patrick Zimmerli / Satoshi Takeishi,53.344979,-6.266262999999999,8220DB000312,Wellington Quay,53.3454764728264,-6.2662061554843,0.0005007100078563267
NMD26: Totally Made Up Music,53.3346479,-6.2587823,8220DB001013,Earlsfort Terrace,53.334181,-6.258346,0.000639025273364818
NMD26: Soundstreams Presents: I Want to Tell You Everything,53.3346479,-6.2587823,8220DB001013,Earlsfort Terrace,53.334181,-6.258346,0.000639025273364818
NMD26: Come to the Edge,53.3346479,-6.2587823,8220DB001013,Earlsfort Terrace,53.334181,-6.258346,0.000639025273364818
NMD26: A Double Bill: Old Segotia / Land of Winter,53.3346479,-6.2587823,8220DB001013,Earlsfort Terrace,53.334181,-6.258346,0.000639025273364818
NMD26: Diatribe Stage - Shelta // Insufficient Funs,53.344979,-6.266262999999999,8220DB000312,Wellington Quay,53.3454764728264,-6.2662061554843,0.0005007100078563267
NMD26: Crash Works III ‘You Heard It First’,53.3346479,-6.2587823,8220DB001013,Earlsfort Terrace,53.334181,-6.258346,0.000639025273364818
NMD26: Love The Earth,53.3346479,-6.2587823,8220DB001013,Earlsfort Terrace,53.334181,-6.258346,0.000639025273364818
NMD26: Gare St Lazare Ireland - The Last Tape,53.3346479,-6.2587823,8220DB001013,Earlsfort Terrace,53.334181,-6.258346,0.000639025273364818
NMD26: RTÉ CO - O’Leary & O’Connell,53.3346479,-6.2587823,8220DB001013,Earlsfort Terrace,53.334181,-6.258346,0.000639025273364818
NMD26: Jack,53.3346479,-6.2587823,8220DB001013,Earlsfort Terrace,53.334181,-6.258346,0.000639025273364818
An Evening with Katriona O'Sullivan,53.3346479,-6.2587823,8220DB001013,Earlsfort Terrace,53.334181,-6.258346,0.000639025273364818
Archipelago: A Fusion of Traditional Music from Ireland and Java,53.3346479,-6.2587823,8220DB001013,Earlsfort Terrace,53.334181,-6.258346,0.000639025273364818
Connor McKeon: The Soul of Motown,53.3346479,-6.2587823,8220DB001013,Earlsfort Terrace,53.334181,-6.258346,0.000639025273364818
"Dublin's Theatre Royal, Remembered",53.3346479,-6.2587823,8220DB001013,Earlsfort Terrace,53.334181,-6.258346,0.000639025273364818
UCD Composition Ensemble,53.3346479,-6.2587823,8220DB001013,Earlsfort Terrace,53.334181,-6.258346,0.000639025273364818
Peter and the Wolf & The Young Person's Guide to the Orchestra with NSOI,53.3346479,-6.2587823,8220DB001013,Earlsfort Terrace,53.334181,-6.258346,0.000639025273364818
The Four Seasons Chamber Music Series: Clair de Lune,53.3346479,-6.2587823,8220DB001013,Earlsfort Terrace,53.334181,-6.258346,0.000639025273364818
"Perspectives: Eiko Ishibashi, Jim O’Rourke & Caoimhín Ó Raghallaigh",53.3346479,-6.2587823,8220DB001013,Earlsfort Terrace,53.334181,-6.258346,0.000639025273364818
Banff Mountain Film Festival Tour,53.3346479,-6.2587823,8220DB001013,Earlsfort Terrace,53.334181,-6.258346,0.000639025273364818
NSOI: E.T. The Extra-Terrestrial in Concert,53.3346479,-6.2587823,8220DB001013,Earlsfort Terrace,53.334181,-6.258346,0.000639025273364818
