stop_id,vehicle_count,congestion_score
701000002,2,20
7010B158131,2,20
7010B158241,2,20
821000019,2,20
821000020,2,20
8210B202101,2,20
8210B3355701,4,40
8210B3355702,4,40
8210CO11094,4,40
8210CO11095,4,40
8210CO11096,4,40
8210CO11097,4,40
8210CO11098,2,20
8210CO11099,2,20
8210CO11114,2,20
8210CO11115,2,20
8210CO11117,4,40
8210CO11118,4,40
8210CO11119,4,40
8210CO11132,2,20
8210CO11151,2,20
8210CO11159,2,20
8210IR0002,2,20
8210PB000017,4,40
8220000002,10,100
8220000150,106,1060
8220000357,42,420
8220000372,10,100
8220000386,4,40
8220000413,106,1060
8220000414,106,1060
8220000441,106,1060
822008206,6,60
822008208,6,60
82202B008257,2,20
8220B007612,26,260
8220B008367,2,20
8220B1000401,26,260
8220B100111,26,260
8220B100461,6,60
8220B1009001,2,20
8220B1011301,2,20
8220B1011501,4,40
8220B1021101,106,1060
8220B1046101,26,260
8220B106421,10,100
8220B10995,8,80
8220B111761,26,260
8220B111771,106,1060
8220B134961,42,420
8220B135001,42,420
8220B1350201,8,80
8220B1350301,42,420
8220B1351001,106,1060
8220B1351101,42,420
8220B1351201,42,420
8220B1351401,42,420
8220B1352701,42,420
8220B1353101,12,120
8220B1353301,48,480
8220B1353501,106,1060
8220B1354001,8,80
8220B135411,12,120
8220B1354201,8,80
8220B211521,26,260
8220B3551501,2,20
8220CO10995,8,80
8220CO10996,8,80
8220DB000002,106,1060
8220DB000003,106,1060
8220DB000005,106,1060
8220DB000006,106,1060
8220DB000007,106,1060
8220DB000008,34,340
8220DB000010,34,340
8220DB000011,26,260
8220DB000012,26,260
8220DB000014,26,260
8220DB000015,26,260
8220DB000016,6,60
8220DB000017,26,260
8220DB000018,2,20
8220DB000019,2,20
8220DB000021,6,60
8220DB000022,6,60
8220DB000023,2,20
8220DB000027,8,80
8220DB000028,8,80
8220DB000029,8,80
8220DB000030,2,20
8220DB000031,2,20
8220DB000032,2,20
8220DB000033,2,20
8220DB000035,2,20
8220DB000036,2,20
8220DB000037,8,80
8220DB000038,8,80
8220DB000039,8,80
8220DB000042,2,20
8220DB000043,6,60
8220DB000044,6,60
8220DB000045,6,60
8220DB000046,2,20
8220DB000047,26,260
8220DB000048,26,260
8220DB000049,26,260
8220DB000051,26,260
8220DB000052,26,260
8220DB000053,26,260
8220DB000054,14,140
8220DB000055,14,140
8220DB000056,4,40
8220DB000057,4,40
8220DB000058,4,40
8220DB000059,4,40
8220DB000060,10,100
8220DB000063,2,20
8220DB000064,2,20
8220DB000065,2,20
8220DB000066,2,20
8220DB000068,2,20
8220DB000069,2,20
8220DB000071,2,20
8220DB000072,2,20
8220DB000073,2,20
8220DB000074,2,20
8220DB000075,2,20
8220DB000077,10,100
8220DB000078,4,40
8220DB000079,4,40
8220DB000080,4,40
8220DB000081,14,140
8220DB000082,14,140
8220DB000083,14,140
8220DB000084,26,260
8220DB000085,6,60
8220DB000086,10,100
8220DB000087,10,100
8220DB000090,2,20
8220DB000091,2,20
8220DB000092,8,80
8220DB000093,8,80
8220DB000094,8,80
8220DB000102,6,60
8220DB000104,4,40
8220DB000105,4,40
8220DB000107,4,40
8220DB000110,6,60
8220DB000112,8,80
8220DB000113,8,80
8220DB000114,8,80
8220DB000115,2,20
8220DB000118,10,100
8220DB000119,10,100
8220DB000126,8,80
8220DB000127,8,80
8220DB000128,2,20
8220DB000129,2,20
8220DB000130,2,20
8220DB000131,2,20
8220DB000132,2,20
8220DB000134,2,20
8220DB000136,2,20
8220DB000137,2,20
8220DB000138,2,20
8220DB000139,2,20
8220DB000140,2,20
8220DB000141,2,20
8220DB000142,2,20
8220DB000143,2,20
8220DB000146,8,80
8220DB000147,10,100
8220DB000148,10,100
8220DB000149,10,100
8220DB000151,10,100
8220DB000153,8,80
8220DB000163,2,20
8220DB000170,2,20
8220DB000181,8,80
8220DB000182,8,80
8220DB000183,10,100
8220DB000184,10,100
8220DB000185,10,100
8220DB000186,10,100
8220DB000187,14,140
8220DB000188,14,140
8220DB000189,14,140
8220DB000190,14,140
8220DB000191,14,140
8220DB000192,14,140
8220DB000193,2,20
8220DB000194,14,140
8220DB000195,14,140
8220DB000196,14,140
8220DB000197,14,140
8220DB000198,14,140
8220DB000199,14,140
8220DB000200,10,100
8220DB000201,10,100
8220DB000202,10,100
8220DB000203,10,100
8220DB000204,10,100
8220DB000205,10,100
8220DB000206,10,100
8220DB000207,10,100
8220DB000208,6,60
8220DB000209,6,60
8220DB000210,6,60
8220DB000211,10,100
8220DB000212,10,100
8220DB000213,6,60
8220DB000214,10,100
8220DB000215,6,60
8220DB000216,6,60
8220DB000217,6,60
8220DB000218,2,20
8220DB000220,2,20
8220DB000228,8,80
8220DB000233,2,20
8220DB000235,6,60
8220DB000236,6,60
8220DB000237,6,60
8220DB000242,2,20
8220DB000243,2,20
8220DB000244,4,40
8220DB000245,4,40
8220DB000246,4,40
8220DB000247,4,40
8220DB000248,4,40
8220DB000249,4,40
8220DB000250,4,40
8220DB000251,4,40
8220DB000252,2,20
8220DB000253,4,40
8220DB000254,4,40
8220DB000255,2,20
8220DB000259,2,20
8220DB000260,106,1060
8220DB000261,106,1060
8220DB000262,106,1060
8220DB000263,106,1060
8220DB000264,106,1060
8220DB000265,106,1060
8220DB000270,106,1060
8220DB000271,106,1060
8220DB000272,106,1060
8220DB000273,106,1060
8220DB000274,106,1060
8220DB000277,106,1060
8220DB000278,106,1060
8220DB000279,106,1060
8220DB000281,106,1060
8220DB000286,106,1060
8220DB000288,106,1060
8220DB000289,106,1060
8220DB000292,106,1060
8220DB000297,106,1060
8220DB000298,106,1060
8220DB000299,106,1060
8220DB000300,106,1060
8220DB000301,106,1060
8220DB000302,106,1060
8220DB000303,106,1060
8220DB000307,10,100
8220DB000308,8,80
8220DB000309,8,80
8220DB000312,34,340
8220DB000315,106,1060
8220DB000316,106,1060
8220DB000317,106,1060
8220DB000319,106,1060
8220DB000320,106,1060
8220DB000322,6,60
8220DB000325,106,1060
8220DB000328,106,1060
8220DB000329,106,1060
8220DB000330,106,1060
8220DB000333,106,1060
8220DB000334,106,1060
8220DB000335,106,1060
8220DB000336,106,1060
8220DB000339,106,1060
8220DB000340,106,1060
8220DB000341,106,1060
8220DB000345,106,1060
8220DB000350,42,420
8220DB000351,26,260
8220DB000352,4,40
8220DB000353,4,40
8220DB000354,4,40
8220DB000355,8,80
8220DB000356,8,80
8220DB000357,6,60
8220DB000358,6,60
8220DB000369,4,40
8220DB000371,6,60
8220DB000372,6,60
8220DB000381,6,60
8220DB000389,6,60
8220DB000390,6,60
8220DB000391,6,60
8220DB000392,8,80
8220DB000393,6,60
8220DB000395,4,40
8220DB000396,4,40
8220DB000397,4,40
8220DB000398,26,260
8220DB000399,26,260
8220DB000400,26,260
8220DB000403,48,480
8220DB000404,48,480
8220DB000405,48,480
8220DB000406,48,480
8220DB000407,42,420
8220DB000408,26,260
8220DB000409,26,260
8220DB000410,4,40
8220DB000411,4,40
8220DB000412,4,40
8220DB000413,10,100
8220DB000414,6,60
8220DB000415,6,60
8220DB000416,6,60
8220DB000417,6,60
8220DB000419,2,20
8220DB000420,2,20
8220DB000421,6,60
8220DB000422,6,60
8220DB000423,6,60
8220DB000477,6,60
8220DB000478,6,60
8220DB000479,6,60
8220DB000480,2,20
8220DB000481,2,20
8220DB000482,2,20
8220DB000485,6,60
8220DB000486,6,60
8220DB000487,6,60
8220DB000488,10,100
8220DB000489,10,100
8220DB000490,4,40
8220DB000491,4,40
8220DB000492,4,40
8220DB000493,26,260
8220DB000494,26,260
8220DB000495,26,260
8220DB000496,42,420
8220DB000497,42,420
8220DB000499,8,80
8220DB000500,8,80
8220DB000501,8,80
8220DB000509,8,80
8220DB000510,8,80
8220DB000511,8,80
8220DB000513,8,80
8220DB000515,42,420
8220DB000516,8,80
8220DB000518,8,80
8220DB000519,8,80
8220DB000521,8,80
8220DB000522,8,80
8220DB000523,14,140
8220DB000525,14,140
8220DB000526,2,20
8220DB000527,2,20
8220DB000528,2,20
8220DB000529,2,20
8220DB000530,2,20
8220DB000531,2,20
8220DB000534,4,40
8220DB000535,4,40
8220DB000600,4,40
8220DB000601,4,40
8220DB000602,4,40
8220DB000606,2,20
8220DB000607,2,20
8220DB000608,2,20
8220DB000609,2,20
8220DB000610,2,20
8220DB000611,2,20
8220DB000612,2,20
8220DB000613,14,140
8220DB000614,14,140
8220DB000616,8,80
8220DB000617,8,80
8220DB000618,8,80
8220DB000619,42,420
8220DB000620,42,420
8220DB000621,106,1060
8220DB000626,4,40
8220DB000629,2,20
8220DB000630,2,20
8220DB000633,2,20
8220DB000636,2,20
8220DB000637,2,20
8220DB000638,2,20
8220DB000639,2,20
8220DB000642,4,40
8220DB000643,4,40
8220DB000651,4,40
8220DB000653,4,40
8220DB000654,4,40
8220DB000655,4,40
8220DB000656,4,40
8220DB000657,4,40
8220DB000662,2,20
8220DB000664,2,20
8220DB000665,2,20
8220DB000666,2,20
8220DB000667,10,100
8220DB000668,14,140
8220DB000669,10,100
8220DB000670,10,100
8220DB000671,2,20
8220DB000672,2,20
8220DB000674,2,20
8220DB000709,4,40
8220DB000722,4,40
8220DB000723,4,40
8220DB000724,2,20
8220DB000725,2,20
8220DB000726,2,20
8220DB000727,2,20
8220DB000728,6,60
8220DB000729,6,60
8220DB000730,6,60
8220DB000738,6,60
8220DB000739,6,60
8220DB000740,2,20
8220DB000741,2,20
8220DB000742,2,20
8220DB000743,2,20
8220DB000744,2,20
8220DB000745,4,40
8220DB000746,48,480
8220DB000747,48,480
8220DB000748,48,480
8220DB000749,26,260
8220DB000750,26,260
8220DB000751,26,260
8220DB000752,10,100
8220DB000753,10,100
8220DB000754,10,100
8220DB000755,12,120
8220DB000756,10,100
8220DB000757,4,40
8220DB000758,4,40
8220DB000759,4,40
8220DB000760,4,40
8220DB000761,4,40
8220DB000762,6,60
8220DB000763,6,60
8220DB000769,6,60
8220DB000771,4,40
8220DB000772,4,40
8220DB000773,4,40
8220DB000774,4,40
8220DB000775,4,40
8220DB000776,10,100
8220DB000777,10,100
8220DB000779,12,120
8220DB000780,10,100
8220DB000781,10,100
8220DB000782,10,100
8220DB000783,26,260
8220DB000784,26,260
8220DB000785,26,260
8220DB000786,48,480
8220DB000790,48,480
8220DB000791,48,480
8220DB000792,48,480
8220DB000793,48,480
8220DB000795,14,140
8220DB000796,14,140
8220DB000797,14,140
8220DB000798,4,40
8220DB000799,4,40
8220DB000800,4,40
8220DB000801,10,100
8220DB000802,10,100
8220DB000803,8,80
8220DB000804,6,60
8220DB000807,6,60
8220DB000808,6,60
8220DB000809,10,100
8220DB000810,10,100
8220DB000811,10,100
8220DB000812,4,40
8220DB000813,4,40
8220DB000814,4,40
8220DB000817,14,140
8220DB000818,14,140
8220DB000819,14,140
8220DB000820,10,100
8220DB000821,10,100
8220DB000822,2,20
8220DB000823,2,20
8220DB000824,2,20
8220DB000825,2,20
8220DB000826,2,20
8220DB000827,2,20
8220DB000828,2,20
8220DB000829,2,20
8220DB000830,2,20
8220DB000831,2,20
8220DB000832,10,100
8220DB000833,10,100
8220DB000834,26,260
8220DB000835,26,260
8220DB000836,14,140
8220DB000837,14,140
8220DB000838,14,140
8220DB000839,14,140
8220DB000840,14,140
8220DB000841,26,260
8220DB000842,48,480
8220DB000843,48,480
8220DB000844,48,480
8220DB000845,48,480
8220DB000846,12,120
8220DB000847,12,120
8220DB000848,12,120
8220DB000849,12,120
8220DB000850,12,120
8220DB000851,12,120
8220DB000852,2,20
8220DB000853,2,20
8220DB000854,2,20
8220DB000855,4,40
8220DB000856,4,40
8220DB000857,4,40
8220DB000858,2,20
8220DB000881,2,20
8220DB000882,4,40
8220DB000883,4,40
8220DB000884,4,40
8220DB000885,2,20
8220DB000886,2,20
8220DB000887,2,20
8220DB000895,4,40
8220DB000896,4,40
8220DB000897,4,40
8220DB000903,12,120
8220DB000904,12,120
8220DB000906,12,120
8220DB000907,12,120
8220DB000908,12,120
8220DB000909,12,120
8220DB000956,4,40
8220DB000959,2,20
8220DB000960,2,20
8220DB000963,2,20
8220DB000964,2,20
8220DB000965,2,20
8220DB000966,2,20
8220DB000967,4,40
8220DB000968,4,40
8220DB000969,2,20
8220DB000979,6,60
8220DB000980,6,60
8220DB000981,2,20
8220DB000983,2,20
8220DB000984,2,20
8220DB000985,6,60
8220DB000987,6,60
8220DB000988,6,60
8220DB000997,4,40
8220DB000998,4,40
8220DB000999,4,40
8220DB001000,2,20
8220DB001001,2,20
8220DB001002,2,20
8220DB001003,2,20
8220DB001004,2,20
8220DB001007,2,20
8220DB001008,2,20
8220DB001012,4,40
8220DB001013,14,140
8220DB001014,48,480
8220DB001015,14,140
8220DB001016,14,140
8220DB001017,14,140
8220DB001018,14,140
8220DB001019,14,140
8220DB001020,6,60
8220DB001025,4,40
8220DB001026,4,40
8220DB001027,4,40
8220DB001028,4,40
8220DB001062,4,40
8220DB001063,4,40
8220DB001064,4,40
8220DB001065,4,40
8220DB001066,4,40
8220DB001071,14,140
8220DB001072,14,140
8220DB001074,14,140
8220DB001080,6,60
8220DB001081,6,60
8220DB001082,16,160
8220DB001083,16,160
8220DB001085,16,160
8220DB001086,2,20
8220DB001087,2,20
8220DB001088,2,20
8220DB001089,4,40
8220DB001090,4,40
8220DB001117,4,40
8220DB001118,2,20
8220DB001119,2,20
8220DB001120,2,20
8220DB001121,2,20
8220DB001122,2,20
8220DB001123,2,20
8220DB001124,4,40
8220DB001159,8,80
8220DB001160,4,40
8220DB001161,2,20
8220DB001162,2,20
8220DB001163,2,20
8220DB001164,16,160
8220DB001165,16,160
8220DB001166,6,60
8220DB001171,42,420
8220DB001172,106,1060
8220DB001173,106,1060
8220DB001174,26,260
8220DB001175,26,260
8220DB001176,2,20
8220DB001178,2,20
8220DB001179,2,20
8220DB001184,42,420
8220DB001185,4,40
8220DB001188,6,60
8220DB001190,6,60
8220DB001195,4,40
8220DB001196,4,40
8220DB001197,4,40
8220DB001198,4,40
8220DB001199,4,40
8220DB001200,2,20
8220DB001201,2,20
8220DB001202,2,20
8220DB001203,2,20
8220DB001205,12,120
8220DB001218,12,120
8220DB001219,4,40
8220DB001220,4,40
8220DB001221,4,40
8220DB001222,4,40
8220DB001223,4,40
8220DB001224,4,40
8220DB001225,4,40
8220DB001226,4,40
8220DB001227,4,40
8220DB001228,4,40
8220DB001229,2,20
8220DB001233,2,20
8220DB001234,2,20
8220DB001235,2,20
8220DB001237,4,40
8220DB001238,4,40
8220DB001239,4,40
8220DB001240,4,40
8220DB001241,4,40
8220DB001242,4,40
8220DB001243,2,20
8220DB001244,4,40
8220DB001245,2,20
8220DB001246,4,40
8220DB001247,2,20
8220DB001248,2,20
8220DB001249,2,20
8220DB001250,4,40
8220DB001251,4,40
8220DB001252,4,40
8220DB001253,4,40
8220DB001254,2,20
8220DB001255,4,40
8220DB001256,4,40
8220DB001258,2,20
8220DB001259,2,20
8220DB001260,2,20
8220DB001262,2,20
8220DB001265,2,20
8220DB001266,2,20
8220DB001267,2,20
8220DB001268,2,20
8220DB001269,2,20
8220DB001270,2,20
8220DB001272,2,20
8220DB001273,2,20
8220DB001274,2,20
8220DB001275,2,20
8220DB001276,4,40
8220DB001277,4,40
8220DB001278,48,480
8220DB001279,48,480
8220DB001280,12,120
8220DB001282,48,480
8220DB001283,48,480
8220DB001284,30,300
8220DB001285,6,60
8220DB001286,6,60
8220DB001287,6,60
8220DB001288,6,60
8220DB001289,6,60
8220DB001290,10,100
8220DB001291,10,100
8220DB001292,10,100
8220DB001293,2,20
8220DB001294,2,20
8220DB001295,2,20
8220DB001296,2,20
8220DB001297,16,160
8220DB001298,16,160
8220DB001299,16,160
8220DB001300,16,160
8220DB001335,16,160
8220DB001336,16,160
8220DB001337,16,160
8220DB001338,16,160
8220DB001339,2,20
8220DB001340,2,20
8220DB001341,2,20
8220DB001342,2,20
8220DB001343,2,20
8220DB001344,10,100
8220DB001345,10,100
8220DB001347,10,100
8220DB001348,6,60
8220DB001349,6,60
8220DB001350,6,60
8220DB001352,6,60
8220DB001353,30,300
8220DB001354,30,300
8220DB001355,30,300
8220DB001357,48,480
8220DB001358,48,480
8220DB001359,48,480
8220DB001360,10,100
8220DB001362,10,100
8220DB001363,4,40
8220DB001364,4,40
8220DB001365,4,40
8220DB001366,10,100
8220DB001367,8,80
8220DB001369,8,80
8220DB001370,12,120
8220DB001371,12,120
8220DB001372,12,120
8220DB001373,12,120
8220DB001374,12,120
8220DB001375,12,120
8220DB001376,12,120
8220DB001377,8,80
8220DB001378,8,80
8220DB001379,8,80
8220DB001380,8,80
8220DB001381,10,100
8220DB001382,4,40
8220DB001383,4,40
8220DB001384,10,100
8220DB001385,10,100
8220DB001386,10,100
8220DB001387,4,40
8220DB001388,4,40
8220DB001389,2,20
8220DB001391,4,40
8220DB001392,4,40
8220DB001394,4,40
8220DB001395,4,40
8220DB001396,2,20
8220DB001397,2,20
8220DB001398,2,20
8220DB001399,2,20
8220DB001400,4,40
8220DB001401,2,20
8220DB001402,2,20
8220DB001403,4,40
8220DB001404,4,40
8220DB001405,10,100
8220DB001406,4,40
8220DB001407,4,40
8220DB001409,2,20
8220DB001410,2,20
8220DB001411,2,20
8220DB001412,2,20
8220DB001413,2,20
8220DB001414,2,20
8220DB001415,4,40
8220DB001417,4,40
8220DB001418,4,40
8220DB001419,4,40
8220DB001421,12,120
8220DB001423,12,120
8220DB001424,4,40
8220DB001425,4,40
8220DB001426,4,40
8220DB001427,4,40
8220DB001428,4,40
8220DB001429,4,40
8220DB001430,2,20
8220DB001432,2,20
8220DB001433,2,20
8220DB001434,2,20
8220DB001435,2,20
8220DB001436,2,20
8220DB001438,8,80
8220DB001439,10,100
8220DB001440,10,100
8220DB001441,4,40
8220DB001442,2,20
8220DB001443,34,340
8220DB001444,34,340
8220DB001445,10,100
8220DB001447,8,80
8220DB001449,6,60
8220DB001450,6,60
8220DB001453,2,20
8220DB001455,12,120
8220DB001456,2,20
8220DB001457,12,120
8220DB001458,4,40
8220DB001459,4,40
8220DB001460,4,40
8220DB001462,4,40
8220DB001463,4,40
8220DB001464,4,40
8220DB001465,2,20
8220DB001466,2,20
8220DB001467,12,120
8220DB001468,12,120
8220DB001469,12,120
8220DB001473,6,60
8220DB001474,8,80
8220DB001476,10,100
8220DB001478,34,340
8220DB001479,34,340
8220DB001480,34,340
8220DB001481,2,20
8220DB001482,2,20
8220DB001484,8,80
8220DB001485,8,80
8220DB001486,2,20
8220DB001487,2,20
8220DB001488,10,100
8220DB001489,10,100
8220DB001490,10,100
8220DB001491,10,100
8220DB001492,10,100
8220DB001494,2,20
8220DB001495,2,20
8220DB001496,10,100
8220DB001499,2,20
8220DB001500,42,420
8220DB001502,42,420
8220DB001506,10,100
8220DB001507,10,100
8220DB001508,4,40
8220DB001509,4,40
8220DB001510,8,80
8220DB001511,8,80
8220DB001512,8,80
8220DB001513,6,60
8220DB001514,6,60
8220DB001515,10,100
8220DB001518,2,20
8220DB001519,2,20
8220DB001520,2,20
8220DB001521,2,20
8220DB001523,2,20
8220DB001524,2,20
8220DB001525,2,20
8220DB001526,2,20
8220DB001528,10,100
8220DB001529,6,60
8220DB001530,6,60
8220DB001531,8,80
8220DB001532,8,80
8220DB001533,8,80
8220DB001534,8,80
8220DB001535,4,40
8220DB001536,4,40
8220DB001537,10,100
8220DB001538,8,80
8220DB001547,12,120
8220DB001548,12,120
8220DB001549,2,20
8220DB001558,12,120
8220DB001559,2,20
8220DB001560,12,120
8220DB001573,2,20
8220DB001574,2,20
8220DB001575,2,20
8220DB001576,2,20
8220DB001577,2,20
8220DB001578,2,20
8220DB001584,2,20
8220DB001585,2,20
8220DB001586,2,20
8220DB001587,2,20
8220DB001592,8,80
8220DB001593,8,80
8220DB001594,2,20
8220DB001595,2,20
8220DB001596,2,20
8220DB001597,2,20
8220DB001598,2,20
8220DB001599,2,20
8220DB001600,2,20
8220DB001601,2,20
8220DB001605,8,80
8220DB001606,2,20
8220DB001607,2,20
8220DB001608,2,20
8220DB001609,2,20
8220DB001610,2,20
8220DB001614,34,340
8220DB001615,34,340
8220DB001616,10,100
8220DB001617,34,340
8220DB001618,34,340
8220DB001619,34,340
8220DB001620,6,60
8220DB001641,2,20
8220DB001642,6,60
8220DB001643,10,100
8220DB001644,8,80
8220DB001646,8,80
8220DB001647,10,100
8220DB001648,10,100
8220DB001649,10,100
8220DB001651,2,20
8220DB001654,10,100
8220DB001655,4,40
8220DB001656,4,40
8220DB001657,4,40
8220DB001659,4,40
8220DB001660,6,60
8220DB001661,6,60
8220DB001662,4,40
8220DB001664,4,40
8220DB001665,4,40
8220DB001666,4,40
8220DB001667,4,40
8220DB001695,4,40
8220DB001696,4,40
8220DB001697,4,40
8220DB001698,4,40
8220DB001699,4,40
8220DB001700,4,40
8220DB001701,6,60
8220DB001702,6,60
8220DB001707,4,40
8220DB001708,4,40
8220DB001709,4,40
8220DB001710,10,100
8220DB001711,8,80
8220DB001712,8,80
8220DB001713,10,100
8220DB001714,10,100
8220DB001715,10,100
8220DB001725,2,20
8220DB001726,2,20
8220DB001727,2,20
8220DB001728,2,20
8220DB001729,2,20
8220DB001730,2,20
8220DB001731,2,20
8220DB001732,2,20
8220DB001736,4,40
8220DB001737,4,40
8220DB001738,4,40
8220DB001740,14,140
8220DB001741,4,40
8220DB001742,4,40
8220DB001746,2,20
8220DB001747,2,20
8220DB001748,2,20
8220DB001749,2,20
8220DB001751,2,20
8220DB001752,2,20
8220DB001753,2,20
8220DB001754,2,20
8220DB001755,2,20
8220DB001760,2,20
8220DB001761,2,20
8220DB001762,2,20
8220DB001763,2,20
8220DB001764,2,20
8220DB001765,2,20
8220DB001766,2,20
8220DB001771,2,20
8220DB001772,2,20
8220DB001773,2,20
8220DB001774,2,20
8220DB001775,2,20
8220DB001776,2,20
8220DB001777,2,20
8220DB001778,2,20
8220DB001782,4,40
8220DB001783,4,40
8220DB001791,12,120
8220DB001795,4,40
8220DB001799,4,40
8220DB001800,4,40
8220DB001801,4,40
8220DB001802,10,100
8220DB001803,10,100
8220DB001804,4,40
8220DB001805,4,40
8220DB001806,4,40
8220DB001847,4,40
8220DB001905,4,40
8220DB001906,4,40
8220DB001907,10,100
8220DB001908,10,100
8220DB001909,10,100
8220DB001911,10,100
8220DB001913,10,100
8220DB001914,10,100
8220DB001934,30,300
8220DB001935,30,300
8220DB001937,30,300
8220DB001938,8,80
8220DB001939,8,80
8220DB001940,10,100
8220DB001941,10,100
8220DB001942,10,100
8220DB001943,8,80
8220DB001944,8,80
8220DB001945,12,120
8220DB001946,4,40
8220DB001947,4,40
8220DB001948,4,40
8220DB001949,4,40
8220DB001950,4,40
8220DB001955,6,60
8220DB001956,6,60
8220DB001981,6,60
8220DB001982,6,60
8220DB001986,4,40
8220DB001987,4,40
8220DB001988,4,40
8220DB001989,4,40
8220DB001990,12,120
8220DB001992,12,120
8220DB001993,8,80
8220DB001994,8,80
8220DB001995,10,100
8220DB001996,10,100
8220DB001997,10,100
8220DB001998,8,80
8220DB001999,8,80
8220DB002001,30,300
8220DB002002,30,300
8220DB002003,30,300
8220DB002085,2,20
8220DB002086,6,60
8220DB002087,6,60
8220DB002088,2,20
8220DB002089,2,20
8220DB002094,4,40
8220DB002095,2,20
8220DB002096,2,20
8220DB002097,2,20
8220DB002099,4,40
8220DB002101,12,120
8220DB002102,8,80
8220DB002103,8,80
8220DB002183,8,80
8220DB002184,8,80
8220DB002185,8,80
8220DB002186,2,20
8220DB002187,2,20
8220DB002188,2,20
8220DB002189,2,20
8220DB002190,4,40
8220DB002192,2,20
8220DB002193,2,20
8220DB002197,2,20
8220DB002198,2,20
8220DB002199,2,20
8220DB002200,2,20
8220DB002243,2,20
8220DB002244,2,20
8220DB002245,2,20
8220DB002249,2,20
8220DB002250,2,20
8220DB002255,8,80
8220DB002256,8,80
8220DB002257,8,80
8220DB002258,8,80
8220DB002259,8,80
8220DB002260,8,80
8220DB002262,10,100
8220DB002278,10,100
8220DB002279,10,100
8220DB002280,8,80
8220DB002281,8,80
8220DB002282,8,80
8220DB002283,8,80
8220DB002310,30,300
8220DB002311,30,300
8220DB002312,8,80
8220DB002313,8,80
8220DB002314,8,80
8220DB002315,10,100
8220DB002317,12,120
8220DB002318,12,120
8220DB002319,12,120
8220DB002327,12,120
8220DB002328,12,120
8220DB002329,12,120
8220DB002330,12,120
8220DB002331,12,120
8220DB002332,8,80
8220DB002333,8,80
8220DB002378,8,80
8220DB002379,8,80
8220DB002380,8,80
8220DB002382,8,80
8220DB002383,30,300
8220DB002385,30,300
8220DB002386,30,300
8220DB002387,30,300
8220DB002388,6,60
8220DB002389,2,20
8220DB002390,2,20
8220DB002391,8,80
8220DB002392,8,80
8220DB002393,4,40
8220DB002394,4,40
8220DB002395,4,40
8220DB002396,4,40
8220DB002397,4,40
8220DB002398,4,40
8220DB002409,4,40
8220DB002410,4,40
8220DB002411,4,40
8220DB002412,4,40
8220DB002415,2,20
8220DB002416,12,120
8220DB002417,12,120
8220DB002418,8,80
8220DB002419,8,80
8220DB002431,8,80
8220DB002432,8,80
8220DB002433,12,120
8220DB002434,12,120
8220DB002437,4,40
8220DB002438,4,40
8220DB002439,4,40
8220DB002440,8,80
8220DB002441,8,80
8220DB002442,8,80
8220DB002443,2,20
8220DB002444,2,20
8220DB002448,4,40
8220DB002449,2,20
8220DB002450,2,20
8220DB002451,2,20
8220DB002452,8,80
8220DB002453,6,60
8220DB002462,6,60
8220DB002463,8,80
8220DB002464,2,20
8220DB002465,2,20
8220DB002466,2,20
8220DB002467,4,40
8220DB002471,8,80
8220DB002472,8,80
8220DB002473,2,20
8220DB002474,2,20
8220DB002475,2,20
8220DB002476,2,20
8220DB002481,2,20
8220DB002482,2,20
8220DB002483,2,20
8220DB002484,8,80
8220DB002485,8,80
8220DB002486,8,80
8220DB002487,4,40
8220DB002488,4,40
8220DB002489,4,40
8220DB002494,4,40
8220DB002495,4,40
8220DB002496,8,80
8220DB002497,8,80
8220DB002498,42,420
8220DB002499,42,420
8220DB002500,8,80
8220DB002501,8,80
8220DB002502,8,80
8220DB002507,10,100
8220DB002508,10,100
8220DB002634,10,100
8220DB002635,6,60
8220DB002636,30,300
8220DB002637,8,80
8220DB002638,6,60
8220DB002640,12,120
8220DB002641,4,40
8220DB002642,4,40
8220DB002643,4,40
8220DB002644,4,40
8220DB002645,4,40
8220DB002646,4,40
8220DB002647,2,20
8220DB002648,2,20
8220DB002649,2,20
8220DB002650,2,20
8220DB002652,2,20
8220DB002653,2,20
8220DB002654,2,20
8220DB002655,2,20
8220DB002656,2,20
8220DB002657,2,20
8220DB002658,2,20
8220DB002659,2,20
8220DB002660,2,20
8220DB002665,2,20
8220DB002666,2,20
8220DB002667,2,20
8220DB002668,2,20
8220DB002689,2,20
8220DB002696,2,20
8220DB002697,2,20
8220DB002700,2,20
8220DB002701,2,20
8220DB002702,2,20
8220DB002703,2,20
8220DB002704,2,20
8220DB002706,2,20
8220DB002708,4,40
8220DB002709,4,40
8220DB002710,2,20
8220DB002711,2,20
8220DB002712,2,20
8220DB002713,2,20
8220DB002714,2,20
8220DB002715,2,20
8220DB002716,4,40
8220DB002717,8,80
8220DB002718,4,40
8220DB002719,4,40
8220DB002720,10,100
8220DB002721,12,120
8220DB002722,12,120
8220DB002726,8,80
8220DB002727,8,80
8220DB002730,8,80
8220DB002774,8,80
8220DB002778,8,80
8220DB002780,6,60
8220DB002781,6,60
8220DB002783,2,20
8220DB002784,2,20
8220DB002785,6,60
8220DB002786,6,60
8220DB002787,6,60
8220DB002795,12,120
8220DB002796,10,100
8220DB002797,10,100
8220DB002798,10,100
8220DB002799,10,100
8220DB002809,26,260
8220DB002810,26,260
8220DB002811,26,260
8220DB002812,14,140
8220DB002813,14,140
8220DB002814,14,140
8220DB002815,2,20
8220DB002899,2,20
8220DB002900,14,140
8220DB002901,14,140
8220DB002902,14,140
8220DB002903,14,140
8220DB002905,26,260
8220DB002912,30,300
8220DB002914,6,60
8220DB002915,6,60
8220DB002916,6,60
8220DB002917,16,160
8220DB002918,16,160
8220DB002957,12,120
8220DB002958,6,60
8220DB002985,16,160
8220DB002986,16,160
8220DB002988,6,60
8220DB002989,6,60
8220DB002990,6,60
8220DB002999,6,60
8220DB003000,6,60
8220DB003001,6,60
8220DB003002,6,60
8220DB003353,2,20
8220DB003354,2,20
8220DB003355,2,20
8220DB003356,4,40
8220DB003357,4,40
8220DB003358,4,40
8220DB003360,4,40
8220DB003361,2,20
8220DB003362,2,20
8220DB003952,4,40
8220DB004319,8,80
8220DB004320,8,80
8220DB004322,6,60
8220DB004363,2,20
8220DB004364,2,20
8220DB004365,4,40
8220DB004366,2,20
8220DB004367,4,40
8220DB004368,4,40
8220DB004369,4,40
8220DB004371,2,20
8220DB004375,6,60
8220DB004376,2,20
8220DB004377,2,20
8220DB004380,42,420
8220DB004382,2,20
8220DB004383,2,20
8220DB004384,8,80
8220DB004385,2,20
8220DB004386,4,40
8220DB004388,2,20
8220DB004389,2,20
8220DB004390,2,20
8220DB004399,4,40
8220DB004400,4,40
8220DB004406,6,60
8220DB004407,8,80
8220DB004408,6,60
8220DB004413,8,80
8220DB004414,2,20
8220DB004425,8,80
8220DB004432,10,100
8220DB004434,10,100
8220DB004455,6,60
8220DB004456,30,300
8220DB004466,2,20
8220DB004468,8,80
8220DB004469,10,100
8220DB004472,4,40
8220DB004473,4,40
8220DB004474,4,40
8220DB004479,2,20
8220DB004481,10,100
8220DB004485,2,20
8220DB004494,106,1060
8220DB004495,106,1060
8220DB004498,2,20
8220DB004499,4,40
8220DB004500,4,40
8220DB004501,10,100
8220DB004502,4,40
8220DB004508,106,1060
8220DB004509,8,80
8220DB004513,106,1060
8220DB004514,8,80
8220DB004515,10,100
8220DB004516,8,80
8220DB004518,8,80
8220DB004521,48,480
8220DB004522,48,480
8220DB004523,4,40
8220DB004524,4,40
8220DB004525,6,60
8220DB004526,4,40
8220DB004528,14,140
8220DB004530,48,480
8220DB004539,2,20
8220DB004542,6,60
8220DB004543,6,60
8220DB004546,2,20
8220DB004548,6,60
8220DB004563,12,120
8220DB004583,2,20
8220DB004592,6,60
8220DB004593,12,120
8220DB004594,6,60
8220DB004596,12,120
8220DB004597,4,40
8220DB004680,8,80
8220DB004681,26,260
8220DB004683,4,40
8220DB004684,26,260
8220DB004692,2,20
8220DB004693,2,20
8220DB004694,2,20
8220DB004695,2,20
8220DB004696,2,20
8220DB004697,2,20
8220DB004698,4,40
8220DB004699,2,20
8220DB004700,2,20
8220DB004720,106,1060
8220DB004725,106,1060
8220DB004726,106,1060
8220DB004781,4,40
8220DB004782,4,40
8220DB004784,2,20
8220DB004785,2,20
8220DB004788,4,40
8220DB004790,4,40
8220DB004791,2,20
8220DB004792,2,20
8220DB004793,2,20
8220DB004794,14,140
8220DB004804,6,60
8220DB004806,2,20
8220DB004854,8,80
8220DB004855,10,100
8220DB004856,10,100
8220DB004857,10,100
8220DB004890,4,40
8220DB004934,4,40
8220DB004935,4,40
8220DB004936,4,40
8220DB004937,6,60
8220DB004938,6,60
8220DB004962,26,260
8220DB004967,48,480
8220DB004985,4,40
8220DB005006,2,20
8220DB005007,2,20
8220DB005009,2,20
8220DB005025,8,80
8220DB005026,2,20
8220DB005060,2,20
8220DB005061,2,20
8220DB005097,30,300
8220DB005099,8,80
8220DB005134,4,40
8220DB005140,42,420
8220DB005144,6,60
8220DB005147,6,60
8220DB005148,4,40
8220DB005149,4,40
8220DB005154,6,60
8220DB005155,6,60
8220DB005157,2,20
8220DB005160,6,60
8220DB005192,106,1060
8220DB006004,106,1060
8220DB006016,6,60
8220DB006017,6,60
8220DB006020,2,20
8220DB006021,2,20
8220DB006023,2,20
8220DB006024,2,20
8220DB006025,2,20
8220DB006026,2,20
8220DB006029,2,20
8220DB006032,106,1060
8220DB006056,8,80
8220DB006057,8,80
8220DB006059,106,1060
8220DB006068,2,20
8220DB006070,2,20
8220DB006071,106,1060
8220DB006074,48,480
8220DB006078,2,20
8220DB006079,6,60
8220DB006080,2,20
8220DB006092,2,20
8220DB006093,2,20
8220DB006094,4,40
8220DB006115,12,120
8220DB006122,2,20
8220DB006125,4,40
8220DB006130,2,20
8220DB006182,6,60
8220DB006238,6,60
8220DB006239,6,60
8220DB006241,4,40
8220DB006251,8,80
8220DB006252,42,420
8220DB006253,4,40
8220DB006273,4,40
8220DB006315,6,60
8220DB006316,6,60
8220DB006317,2,20
8220DB006318,2,20
8220DB006320,6,60
8220DB006367,4,40
8220DB007000,6,60
8220DB007012,4,40
8220DB007027,2,20
8220DB007028,2,20
8220DB007043,4,40
8220DB007053,6,60
8220DB007078,8,80
8220DB007092,6,60
8220DB007113,8,80
8220DB007130,4,40
8220DB007154,8,80
8220DB007191,4,40
8220DB007192,4,40
8220DB007199,12,120
8220DB007213,8,80
8220DB007216,8,80
8220DB007220,2,20
8220DB007236,2,20
8220DB007245,2,20
8220DB007246,6,60
8220DB007274,4,40
8220DB007275,4,40
8220DB007276,8,80
8220DB007277,8,80
8220DB007293,16,160
8220DB007320,2,20
8220DB007333,12,120
8220DB007339,12,120
8220DB007340,12,120
8220DB007359,106,1060
8220DB007370,12,120
8220DB007387,26,260
8220DB007391,26,260
8220DB007392,106,1060
8220DB007397,8,80
8220DB007398,8,80
8220DB007399,10,100
8220DB007402,42,420
8220DB007412,8,80
8220DB007413,8,80
8220DB007414,2,20
8220DB007423,2,20
8220DB007424,2,20
8220DB007425,2,20
8220DB007426,2,20
8220DB007427,2,20
8220DB007428,2,20
8220DB007435,4,40
8220DB007438,2,20
8220DB007439,2,20
8220DB007453,10,100
8220DB007454,8,80
8220DB007455,8,80
8220DB007458,2,20
8220DB007471,8,80
8220DB007512,8,80
8220DB007513,6,60
8220DB007514,10,100
8220DB007557,4,40
8220DB007558,4,40
8220DB007564,42,420
8220DB007569,106,1060
8220DB007571,8,80
8220DB007577,6,60
8220DB007578,48,480
8220DB007579,30,300
8220DB007581,48,480
8220DB007582,48,480
8220DB007585,26,260
8220DB007586,26,260
8220DB007587,26,260
8220DB007588,26,260
8220DB007591,106,1060
8220DB007602,6,60
8220DB007603,6,60
8220DB007607,2,20
8220DB007611,8,80
8220DB007622,106,1060
8220DB007623,10,100
8220DB007661,2,20
8220DB007665,106,1060
8220DB007671,42,420
8220DB007672,2,20
8220DB007686,2,20
8220DB007698,4,40
8220DB007702,2,20
8220DB007703,2,20
8220DB007732,106,1060
8220DB007733,42,420
8220DB007827,14,140
8220DB007828,6,60
8220DB007830,6,60
8220DB007831,6,60
8220DB007832,2,20
8220DB007833,14,140
8220DB007834,14,140
8220DB007836,2,20
8220DB007838,6,60
8220DB007840,4,40
8220DB007842,8,80
8220DB007843,2,20
8220DB007844,10,100
8220DB007845,6,60
8220DB007851,6,60
8220DB007852,14,140
8220DB007854,10,100
8220DB007855,10,100
8220DB007856,34,340
8220DB007857,34,340
8220DB007859,26,260
8220DB007861,42,420
8220DB007863,14,140
8220DB007865,42,420
8220DB007867,2,20
8220DB007868,2,20
8220DB007869,2,20
8220DB007870,2,20
8220DB007873,2,20
8220DB007874,2,20
8220DB007877,6,60
8220DB007883,34,340
8220DB007888,30,300
8220DB007889,106,1060
8220DB007890,10,100
8220DB007891,34,340
8220DB007904,4,40
8220DB007905,4,40
8220DB007906,4,40
8220DB007907,30,300
8220DB007910,2,20
8220DB007911,4,40
8220DB007912,4,40
8220DB007913,2,20
8220DB007926,2,20
8220DB007928,12,120
8220DB007931,6,60
8220DB007932,6,60
8220DB007933,6,60
8220DB007937,2,20
8220DB007938,2,20
8220DB007939,6,60
8220DB007941,6,60
8220DB007942,12,120
8220DB007943,6,60
8220DB007945,4,40
8220DB007954,4,40
8220DB007957,6,60
8220DB007958,12,120
8220DB007959,6,60
8220DB007993,26,260
8220DB007995,30,300
8220DB007996,48,480
8220DB007998,10,100
8220DB007999,48,480
8220DB008002,48,480
8220DB008020,8,80
8220DB008032,8,80
8220DB008033,8,80
8220DB008034,12,120
8220DB008037,6,60
8220DB008038,8,80
8220DB008040,6,60
8220DB008041,12,120
8220DB008044,48,480
8220DB008138,26,260
8220DB008151,6,60
8220DB008198,2,20
8220DB008240,4,40
8220DB008242,8,80
8220DB008244,8,80
8220DB008245,6,60
8220DB008246,8,80
8220DB008254,2,20
8220DB008255,2,20
8220DB008256,2,20
8220DB008259,2,20
8220DB008299,2,20
8220DB008300,8,80
8220DB008301,8,80
8220DB008302,8,80
8220DB008303,8,80
8220DB008304,10,100
8220DB008305,2,20
8220DB008306,10,100
8220DB008307,8,80
8220DB008308,8,80
8220DB008310,8,80
8220DB008311,8,80
8220DB008312,2,20
8220DB008345,4,40
8220DB008346,26,260
8220DB008411,106,1060
8220DB008415,6,60
8220DB008513,26,260
8220DB010997,10,100
8220GA00031,48,480
8220GA00034,106,1060
8220GA00035,106,1060
8220GA00058,48,480
8220GA00059,48,480
8220GA00062,14,140
8220GA00070,14,140
8220GA00071,14,140
8220GA00074,14,140
8220GA00075,14,140
8220GA00083,2,20
8220GA00084,2,20
8220GA00275,2,20
8220GA00276,2,20
8220GA00356,6,60
8220GA00357,6,60
8220GA00366,4,40
8220GA00367,4,40
8220GA00369,12,120
8220GA00370,12,120
8220GA00372,12,120
8220GA00373,12,120
8220GA00375,8,80
8220GA00376,8,80
8220GA00378,10,100
8220GA00379,10,100
8220GA00381,10,100
8220GA00382,10,100
8220GA00386,8,80
8220GA00387,8,80
8220GA00389,8,80
8220GA00390,8,80
8220GA00398,10,100
8220GA00399,10,100
8220GA00401,34,340
8220GA00402,34,340
8220GA00404,34,340
8220GA00405,34,340
8220GA00408,106,1060
8220GA00409,106,1060
8220GA00420,42,420
8220GA00421,42,420
8220GA00423,42,420
8220GA00424,42,420
8220GA00427,42,420
8220GA00428,42,420
8220GA00430,8,80
8220GA00431,8,80
8220GA00433,8,80
8220GA00434,8,80
8220GA00436,10,100
8220GA00437,10,100
8220GA00440,14,140
8220GA00441,48,480
8220GA00443,106,1060
8220GA00444,106,1060
8220GA00452,4,40
8220GA00455,4,40
8220GA00456,4,40
8220GA00459,2,20
8220GA00460,2,20
8220GA00467,34,340
8220GA00468,34,340
8220GA00469,4,40
8220GA00470,106,1060
8220GA00471,106,1060
8220GA00478,34,340
8220GA00479,4,40
8220GA00480,4,40
8220GA00481,34,340
8220GD007829,6,60
8220GD007841,2,20
8220GD8340,2,20
8220GD8341,2,20
8220IR0007,42,420
8220IR0014,2,20
8220IR0025,42,420
8220IR0026,2,20
8220IR0027,26,260
8220IR0032,14,140
8220IR0034,6,60
8220IR0035,4,40
8220IR0132,8,80
8220IR0133,6,60
8220IR0134,26,260
8220IR0135,4,40
8220IR0137,8,80
8220IR0139,2,20
8220IR3881,2,20
8220PB11631,30,300
8220PB12904,12,120
823000001,10,100
823000002,2,20
8230B105121,2,20
8230B105661,10,100
8230B1056701,2,20
8230B1343601,2,20
8230B1360501,2,20
8230B5992601,10,100
8230CO11056,4,40
8230CO11057,4,40
8230CO11058,4,40
8230CO11059,4,40
8230DB000100,4,40
8230DB000946,4,40
8230DB001095,2,20
8230DB001096,2,20
8230DB001097,4,40
8230DB001099,4,40
8230DB001100,4,40
8230DB001101,4,40
8230DB001104,6,60
8230DB001105,6,60
8230DB001110,4,40
8230DB001111,2,20
8230DB001112,2,20
8230DB001113,2,20
8230DB001125,8,80
8230DB001127,8,80
8230DB001131,4,40
8230DB001134,8,80
8230DB001139,4,40
8230DB001140,4,40
8230DB001141,4,40
8230DB001142,4,40
8230DB001144,2,20
8230DB001145,2,20
8230DB001149,2,20
8230DB001150,2,20
8230DB001153,4,40
8230DB001154,4,40
8230DB001157,8,80
8230DB001158,8,80
8230DB001320,4,40
8230DB001321,4,40
8230DB001322,4,40
8230DB001323,4,40
8230DB001324,4,40
8230DB001325,4,40
8230DB001326,4,40
8230DB001328,4,40
8230DB001329,4,40
8230DB001959,4,40
8230DB001960,4,40
8230DB001963,4,40
8230DB001964,4,40
8230DB001965,4,40
8230DB001966,4,40
8230DB001968,4,40
8230DB001969,4,40
8230DB001974,4,40
8230DB001975,4,40
8230DB001977,4,40
8230DB001978,4,40
8230DB002109,2,20
8230DB002110,2,20
8230DB002114,4,40
8230DB002115,4,40
8230DB002116,4,40
8230DB002117,4,40
8230DB002118,4,40
8230DB002119,4,40
8230DB002120,4,40
8230DB002121,4,40
8230DB002123,2,20
8230DB002124,2,20
8230DB002125,2,20
8230DB002126,4,40
8230DB002127,4,40
8230DB002128,4,40
8230DB002129,4,40
8230DB002130,4,40
8230DB002133,4,40
8230DB002134,4,40
8230DB002135,4,40
8230DB002136,4,40
8230DB002137,4,40
8230DB002138,4,40
8230DB002146,2,20
8230DB002151,4,40
8230DB002152,4,40
8230DB002153,4,40
8230DB002154,4,40
8230DB002156,4,40
8230DB002158,4,40
8230DB002162,4,40
8230DB002163,4,40
8230DB002166,2,20
8230DB002167,2,20
8230DB002169,4,40
8230DB002170,4,40
8230DB002176,2,20
8230DB002177,4,40
8230DB002178,4,40
8230DB002201,2,20
8230DB002202,2,20
8230DB002203,4,40
8230DB002204,4,40
8230DB002205,2,20
8230DB002206,2,20
8230DB002207,4,40
8230DB002208,4,40
8230DB002210,4,40
8230DB002211,2,20
8230DB002212,2,20
8230DB002215,4,40
8230DB002216,4,40
8230DB002223,4,40
8230DB002224,4,40
8230DB002229,4,40
8230DB002234,4,40
8230DB002236,4,40
8230DB002241,2,20
8230DB002242,2,20
8230DB002320,12,120
8230DB002321,2,20
8230DB002322,2,20
8230DB002323,2,20
8230DB002324,2,20
8230DB002325,2,20
8230DB002326,2,20
8230DB002334,8,80
8230DB002335,2,20
8230DB002336,2,20
8230DB002337,2,20
8230DB002339,6,60
8230DB002340,6,60
8230DB002345,10,100
8230DB002346,10,100
8230DB002349,6,60
8230DB002351,6,60
8230DB002358,2,20
8230DB002359,6,60
8230DB002360,6,60
8230DB002363,10,100
8230DB002364,10,100
8230DB002369,6,60
8230DB002370,6,60
8230DB002371,6,60
8230DB002372,2,20
8230DB002373,2,20
8230DB002377,8,80
8230DB002399,8,80
8230DB002400,8,80
8230DB002406,8,80
8230DB002408,8,80
8230DB002420,6,60
8230DB002421,6,60
8230DB002429,6,60
8230DB002430,6,60
8230DB002445,2,20
8230DB002446,2,20
8230DB002454,6,60
8230DB002455,2,20
8230DB002456,2,20
8230DB002457,2,20
8230DB002458,2,20
8230DB002459,2,20
8230DB002460,2,20
8230DB002461,6,60
8230DB002515,4,40
8230DB002520,2,20
8230DB002521,2,20
8230DB002522,2,20
8230DB002544,2,20
8230DB002545,2,20
8230DB002550,4,40
8230DB002553,2,20
8230DB002556,12,120
8230DB002557,12,120
8230DB002558,6,60
8230DB002559,6,60
8230DB002566,2,20
8230DB002567,2,20
8230DB002570,6,60
8230DB002571,6,60
8230DB002573,2,20
8230DB002574,2,20
8230DB002575,2,20
8230DB002590,2,20
8230DB002591,2,20
8230DB002592,2,20
8230DB002594,12,120
8230DB002601,6,60
8230DB002602,2,20
8230DB002603,12,120
8230DB002604,12,120
8230DB002609,2,20
8230DB002617,12,120
8230DB002618,2,20
8230DB002620,2,20
8230DB002621,2,20
8230DB002622,2,20
8230DB002626,2,20
8230DB002631,2,20
8230DB002632,12,120
8230DB002633,12,120
8230DB002669,2,20
8230DB002674,16,160
8230DB002675,2,20
8230DB002676,4,40
8230DB002678,2,20
8230DB002679,2,20
8230DB002680,2,20
8230DB002681,2,20
8230DB002685,2,20
8230DB002686,16,160
8230DB002725,2,20
8230DB002737,2,20
8230DB002762,2,20
8230DB002763,2,20
8230DB002766,2,20
8230DB002767,2,20
8230DB002769,2,20
8230DB002919,4,40
8230DB002925,4,40
8230DB002927,4,40
8230DB002940,4,40
8230DB002941,4,40
8230DB002942,4,40
8230DB002947,4,40
8230DB002948,4,40
8230DB002968,6,60
8230DB002980,6,60
8230DB003003,2,20
8230DB003367,4,40
8230DB003372,4,40
8230DB003376,4,40
8230DB003377,4,40
8230DB003378,4,40
8230DB003383,2,20
8230DB003389,2,20
8230DB003398,2,20
8230DB003399,2,20
8230DB003400,2,20
8230DB003401,2,20
8230DB003409,2,20
8230DB003416,2,20
8230DB003417,2,20
8230DB003418,2,20
8230DB003421,4,40
8230DB003422,4,40
8230DB003423,4,40
8230DB003425,2,20
8230DB003426,4,40
8230DB003427,2,20
8230DB003432,2,20
8230DB003434,4,40
8230DB003437,2,20
8230DB003438,2,20
8230DB003439,2,20
8230DB003448,2,20
8230DB003449,2,20
8230DB003455,4,40
8230DB003456,4,40
8230DB003457,2,20
8230DB003465,4,40
8230DB003886,4,40
8230DB003893,2,20
8230DB003896,2,20
8230DB003943,2,20
8230DB003945,2,20
8230DB004327,4,40
8230DB004340,10,100
8230DB004342,10,100
8230DB004344,10,100
8230DB004347,6,60
8230DB004348,6,60
8230DB004357,4,40
8230DB004359,4,40
8230DB004360,2,20
8230DB004361,2,20
8230DB004379,4,40
8230DB004392,6,60
8230DB004401,2,20
8230DB004411,2,20
8230DB004435,12,120
8230DB004436,10,100
8230DB004440,2,20
8230DB004445,2,20
8230DB004446,12,120
8230DB004535,4,40
8230DB004545,2,20
8230DB004549,4,40
8230DB004561,4,40
8230DB004562,4,40
8230DB004576,2,20
8230DB004577,4,40
8230DB004599,4,40
8230DB004601,4,40
8230DB004604,4,40
8230DB004605,4,40
8230DB004610,4,40
8230DB004611,4,40
8230DB004612,4,40
8230DB004613,4,40
8230DB004624,4,40
8230DB004626,4,40
8230DB004627,4,40
8230DB004629,4,40
8230DB004630,4,40
8230DB004640,10,100
8230DB004646,10,100
8230DB004647,10,100
8230DB004662,2,20
8230DB004665,4,40
8230DB004666,4,40
8230DB004667,4,40
8230DB004668,4,40
8230DB004671,4,40
8230DB004672,4,40
8230DB004673,4,40
8230DB004677,4,40
8230DB004688,2,20
8230DB004691,2,20
8230DB004713,2,20
8230DB004715,2,20
8230DB004749,2,20
8230DB004754,2,20
8230DB004755,2,20
8230DB004757,2,20
8230DB004760,2,20
8230DB004797,2,20
8230DB004798,4,40
8230DB004799,4,40
8230DB004861,4,40
8230DB004862,4,40
8230DB004863,4,40
8230DB004864,4,40
8230DB004865,4,40
8230DB004869,2,20
8230DB004871,2,20
8230DB004872,2,20
8230DB004878,2,20
8230DB004880,2,20
8230DB004884,2,20
8230DB004885,2,20
8230DB004887,2,20
8230DB004888,4,40
8230DB004928,2,20
8230DB004929,2,20
8230DB004931,2,20
8230DB004932,2,20
8230DB004933,2,20
8230DB005008,10,100
8230DB005023,2,20
8230DB005024,2,20
8230DB005119,2,20
8230DB005120,2,20
8230DB005125,2,20
8230DB005129,4,40
8230DB005130,4,40
8230DB005131,4,40
8230DB005132,4,40
8230DB005150,12,120
8230DB005161,2,20
8230DB005162,2,20
8230DB005169,2,20
8230DB006002,2,20
8230DB006011,4,40
8230DB006013,4,40
8230DB006014,4,40
8230DB006022,2,20
8230DB006075,2,20
8230DB006128,2,20
8230DB006132,4,40
8230DB006133,4,40
8230DB006134,4,40
8230DB006145,4,40
8230DB006147,2,20
8230DB006149,2,20
8230DB006153,2,20
8230DB006155,4,40
8230DB006163,2,20
8230DB006170,6,60
8230DB006187,2,20
8230DB006243,2,20
8230DB006244,4,40
8230DB006245,4,40
8230DB006247,4,40
8230DB006280,2,20
8230DB006282,2,20
8230DB006283,2,20
8230DB006285,2,20
8230DB006289,4,40
8230DB006290,4,40
8230DB006324,4,40
8230DB006335,2,20
8230DB006336,4,40
8230DB006339,4,40
8230DB007062,2,20
8230DB007069,4,40
8230DB007117,4,40
8230DB007118,4,40
8230DB007119,4,40
8230DB007120,4,40
8230DB007121,2,20
8230DB007122,2,20
8230DB007123,6,60
8230DB007127,4,40
8230DB007128,4,40
8230DB007165,2,20
8230DB007180,2,20
8230DB007181,10,100
8230DB007183,2,20
8230DB007184,4,40
8230DB007201,4,40
8230DB007222,6,60
8230DB007229,4,40
8230DB007239,2,20
8230DB007331,6,60
8230DB007354,4,40
8230DB007440,4,40
8230DB007442,4,40
8230DB007444,4,40
8230DB007445,4,40
8230DB007449,4,40
8230DB007459,2,20
8230DB007460,2,20
8230DB007473,2,20
8230DB007510,4,40
8230DB007748,4,40
8230DB007750,4,40
8230DB007751,4,40
8230DB007754,2,20
8230DB007756,4,40
8230DB007757,4,40
8230DB007774,4,40
8230DB007775,4,40
8230DB007776,4,40
8230DB007780,4,40
8230DB007781,4,40
8230DB007782,4,40
8230DB007783,2,20
8230DB007784,2,20
8230DB007791,4,40
8230DB007803,4,40
8230DB007875,4,40
8230DB007878,4,40
8230DB007879,4,40
8230DB007881,16,160
8230DB007884,16,160
8230DB007886,4,40
8230DB007887,4,40
8230DB007892,4,40
8230DB007898,4,40
8230DB007909,4,40
8230DB007940,16,160
8230DB007966,8,80
8230DB007967,2,20
8230DB007968,4,40
8230DB007974,4,40
8230DB007976,2,20
8230DB007979,2,20
8230DB007986,4,40
8230DB007987,4,40
8230DB007988,4,40
8230DB007989,4,40
8230DB008017,2,20
8230DB008024,2,20
8230DB008029,16,160
8230DB008030,10,100
8230DB008031,10,100
8230DB008059,16,160
8230DB008060,16,160
8230DB008061,16,160
8230DB008062,16,160
8230DB008063,10,100
8230DB008064,2,20
8230DB008066,2,20
8230DB008068,2,20
8230DB008074,2,20
8230DB008076,2,20
8230DB008338,2,20
8230DB008339,2,20
8230DB07755,2,20
8230GA00338,6,60
8230GA00339,6,60
8230GA00341,6,60
8230GA00342,6,60
8230GA00344,10,100
8230GA00345,10,100
8230GA00347,2,20
8230GA00350,2,20
8230GA00351,2,20
8230GA00353,4,40
8230GA00354,4,40
8230GA00395,2,20
8230GA00396,2,20
8230GA00415,2,20
8230GA00416,2,20
8230GA00418,4,40
8230GA00419,4,40
8230GD10109,2,20
8230GD10110,2,20
8230GD10151,2,20
8230GD10385,2,20
8230IR0036,4,40
8230IR0128,4,40
8230PB14556,10,100
82400000035,8,80
8240000005,16,160
8240000023,4,40
8240000352,6,60
8240000546,16,160
8240000548,16,160
8240000549,16,160
8240000550,16,160
8240000551,16,160
8240000559,2,20
8240B100141,2,20
8240B100161,2,20
8240B1002901,2,20
8240B1003001,2,20
8240B1003101,2,20
8240B1007101,2,20
8240B101281,2,20
8240B1045601,2,20
8240B1050501,2,20
8240B109291,2,20
8240B109311,2,20
8240B109321,2,20
8240B111911,16,160
8240B111921,16,160
8240B111931,16,160
8240B111941,16,160
8240B112001,16,160
8240B112021,16,160
8240B112111,16,160
8240B1308801,16,160
8240B1309001,16,160
8240B1371301,2,20
8240BE500129,16,160
8240DB000124,8,80
8240DB000219,2,20
8240DB000221,6,60
8240DB000222,6,60
8240DB000223,6,60
8240DB000224,6,60
8240DB000225,8,80
8240DB000226,8,80
8240DB000227,6,60
8240DB000229,8,80
8240DB000230,6,60
8240DB000231,6,60
8240DB000232,2,20
8240DB000323,4,40
8240DB000324,4,40
8240DB000327,4,40
8240DB000332,4,40
8240DB000545,2,20
8240DB000546,2,20
8240DB000551,2,20
8240DB000552,2,20
8240DB000557,2,20
8240DB000558,2,20
8240DB000559,2,20
8240DB000560,2,20
8240DB000566,2,20
8240DB000567,2,20
8240DB000568,2,20
8240DB000575,2,20
8240DB000576,2,20
8240DB000577,2,20
8240DB000579,2,20
8240DB000583,2,20
8240DB000587,2,20
8240DB000588,2,20
8240DB000589,2,20
8240DB000661,8,80
8240DB000679,2,20
8240DB000693,2,20
8240DB000705,2,20
8240DB000706,2,20
8240DB000707,2,20
8240DB000733,4,40
8240DB000788,4,40
8240DB000905,4,40
8240DB000912,2,20
8240DB000913,4,40
8240DB000914,4,40
8240DB000915,4,40
8240DB000916,4,40
8240DB000917,4,40
8240DB000925,4,40
8240DB000927,4,40
8240DB000928,4,40
8240DB000929,4,40
8240DB000930,2,20
8240DB000938,4,40
8240DB000949,4,40
8240DB000950,4,40
8240DB000974,6,60
8240DB000975,6,60
8240DB000976,8,80
8240DB000989,8,80
8240DB000990,6,60
8240DB001039,2,20
8240DB001040,2,20
8240DB001041,2,20
8240DB001050,2,20
8240DB001181,2,20
8240DB001182,2,20
8240DB001206,2,20
8240DB001207,2,20
8240DB001208,2,20
8240DB001215,2,20
8240DB001216,2,20
8240DB001217,2,20
8240DB001545,8,80
8240DB001546,2,20
8240DB001550,2,20
8240DB001551,2,20
8240DB001556,2,20
8240DB001557,2,20
8240DB001622,6,60
8240DB001623,6,60
8240DB001624,6,60
8240DB001627,2,20
8240DB001628,2,20
8240DB001629,4,40
8240DB001630,2,20
8240DB001631,2,20
8240DB001632,2,20
8240DB001633,4,40
8240DB001634,2,20
8240DB001635,2,20
8240DB001636,2,20
8240DB001639,6,60
8240DB001640,6,60
8240DB001645,8,80
8240DB001670,2,20
8240DB001674,2,20
8240DB001675,2,20
8240DB001680,2,20
8240DB001681,2,20
8240DB001686,2,20
8240DB001687,2,20
8240DB001688,2,20
8240DB001691,2,20
8240DB001692,2,20
8240DB001813,2,20
8240DB001814,8,80
8240DB001816,8,80
8240DB001817,4,40
8240DB001818,4,40
8240DB001819,4,40
8240DB001824,2,20
8240DB001825,4,40
8240DB001830,4,40
8240DB001831,2,20
8240DB001836,4,40
8240DB001838,4,40
8240DB001840,8,80
8240DB001841,8,80
8240DB001842,2,20
8240DB001844,2,20
8240DB001849,2,20
8240DB001850,4,40
8240DB001851,2,20
8240DB001852,8,80
8240DB001853,2,20
8240DB001854,2,20
8240DB001856,2,20
8240DB001857,2,20
8240DB001858,2,20
8240DB001859,2,20
8240DB001860,2,20
8240DB001863,2,20
8240DB001864,2,20
8240DB001865,2,20
8240DB001866,4,40
8240DB001867,4,40
8240DB001869,4,40
8240DB001870,4,40
8240DB001871,4,40
8240DB001872,2,20
8240DB001873,2,20
8240DB001874,2,20
8240DB001877,2,20
8240DB001878,2,20
8240DB001879,2,20
8240DB001880,2,20
8240DB001881,2,20
8240DB001882,2,20
8240DB001883,2,20
8240DB001884,2,20
8240DB001889,4,40
8240DB001890,4,40
8240DB001894,4,40
8240DB001895,4,40
8240DB001898,2,20
8240DB001899,2,20
8240DB001902,2,20
8240DB001903,8,80
8240DB001904,8,80
8240DB001912,4,40
8240DB002289,4,40
8240DB002290,2,20
8240DB002294,2,20
8240DB002338,8,80
8240DB002468,4,40
8240DB002510,2,20
8240DB002959,8,80
8240DB002960,8,80
8240DB002961,2,20
8240DB003087,4,40
8240DB003088,4,40
8240DB003089,4,40
8240DB003090,4,40
8240DB003572,4,40
8240DB003573,4,40
8240DB003576,4,40
8240DB003577,4,40
8240DB003588,2,20
8240DB003590,2,20
8240DB003591,2,20
8240DB003593,2,20
8240DB003594,2,20
8240DB003595,2,20
8240DB003596,2,20
8240DB003601,2,20
8240DB003602,2,20
8240DB003604,2,20
8240DB003605,2,20
8240DB003606,2,20
8240DB003608,2,20
8240DB003609,2,20
8240DB003610,2,20
8240DB003611,2,20
8240DB003613,2,20
8240DB003615,2,20
8240DB003616,2,20
8240DB003619,2,20
8240DB003621,2,20
8240DB003622,2,20
8240DB003623,2,20
8240DB003639,4,40
8240DB003640,4,40
8240DB003643,4,40
8240DB003647,4,40
8240DB003648,4,40
8240DB003654,2,20
8240DB003655,2,20
8240DB003661,4,40
8240DB003663,2,20
8240DB003665,16,160
8240DB003669,16,160
8240DB003670,2,20
8240DB003671,4,40
8240DB003672,4,40
8240DB003676,4,40
8240DB003677,4,40
8240DB003678,6,60
8240DB003679,6,60
8240DB003689,6,60
8240DB003690,6,60
8240DB003691,6,60
8240DB003692,4,40
8240DB003694,4,40
8240DB003695,4,40
8240DB003701,4,40
8240DB003702,4,40
8240DB003704,4,40
8240DB003705,4,40
8240DB003706,4,40
8240DB003707,4,40
8240DB003708,4,40
8240DB003709,4,40
8240DB003710,4,40
8240DB003711,6,60
8240DB003712,6,60
8240DB003715,2,20
8240DB003722,2,20
8240DB003723,2,20
8240DB003741,2,20
8240DB003751,6,60
8240DB003752,6,60
8240DB003764,2,20
8240DB003782,2,20
8240DB003783,2,20
8240DB003784,2,20
8240DB003813,2,20
8240DB003833,2,20
8240DB003834,2,20
8240DB003835,2,20
8240DB003854,2,20
8240DB003885,4,40
8240DB004314,2,20
8240DB004323,2,20
8240DB004324,2,20
8240DB004330,4,40
8240DB004362,2,20
8240DB004464,2,20
8240DB004489,2,20
8240DB004492,2,20
8240DB004493,2,20
8240DB004520,2,20
8240DB004573,2,20
8240DB004574,2,20
8240DB004575,2,20
8240DB004686,8,80
8240DB004687,8,80
8240DB004744,2,20
8240DB004745,2,20
8240DB004746,2,20
8240DB004747,8,80
8240DB004765,2,20
8240DB004768,2,20
8240DB004800,2,20
8240DB004825,2,20
8240DB004843,4,40
8240DB004893,2,20
8240DB004898,2,20
8240DB004900,2,20
8240DB004901,2,20
8240DB004903,2,20
8240DB004905,4,40
8240DB004916,6,60
8240DB004917,2,20
8240DB004924,2,20
8240DB004925,4,40
8240DB004926,4,40
8240DB004957,4,40
8240DB004958,6,60
8240DB004974,4,40
8240DB004976,2,20
8240DB004980,4,40
8240DB004989,2,20
8240DB004994,2,20
8240DB004995,2,20
8240DB004996,2,20
8240DB004997,2,20
8240DB004998,2,20
8240DB004999,2,20
8240DB005029,4,40
8240DB005031,4,40
8240DB005053,2,20
8240DB005055,8,80
8240DB005069,2,20
8240DB005073,4,40
8240DB005074,4,40
8240DB005075,6,60
8240DB005078,6,60
8240DB005079,4,40
8240DB005084,2,20
8240DB005156,2,20
8240DB005165,2,20
8240DB006005,2,20
8240DB006009,8,80
8240DB006015,4,40
8240DB006033,4,40
8240DB006039,8,80
8240DB006050,2,20
8240DB006054,4,40
8240DB006107,2,20
8240DB006108,2,20
8240DB006109,2,20
8240DB006112,2,20
8240DB006113,2,20
8240DB006117,4,40
8240DB006135,2,20
8240DB006171,4,40
8240DB006172,2,20
8240DB006179,2,20
8240DB006219,4,40
8240DB006228,4,40
8240DB006229,12,120
8240DB006230,12,120
8240DB006234,4,40
8240DB006274,4,40
8240DB006348,12,120
8240DB006364,12,120
8240DB006365,4,40
8240DB006366,12,120
8240DB007002,4,40
8240DB007018,2,20
8240DB007025,8,80
8240DB007026,8,80
8240DB007029,2,20
8240DB007030,2,20
8240DB007038,2,20
8240DB007047,4,40
8240DB007048,4,40
8240DB007072,2,20
8240DB007073,2,20
8240DB007097,2,20
8240DB007111,4,40
8240DB007124,2,20
8240DB007125,2,20
8240DB007126,2,20
8240DB007132,12,120
8240DB007158,4,40
8240DB007161,4,40
8240DB007169,2,20
8240DB007194,2,20
8240DB007195,2,20
8240DB007197,2,20
8240DB007210,4,40
8240DB007233,2,20
8240DB007240,4,40
8240DB007241,2,20
8240DB007242,2,20
8240DB007243,2,20
8240DB007247,2,20
8240DB007297,2,20
8240DB007298,2,20
8240DB007334,2,20
8240DB007342,2,20
8240DB007343,2,20
8240DB007344,2,20
8240DB007347,16,160
8240DB007348,16,160
8240DB007349,4,40
8240DB007350,12,120
8240DB007374,2,20
8240DB007379,2,20
8240DB007380,2,20
8240DB007389,2,20
8240DB007475,4,40
8240DB007678,2,20
8240DB007699,4,40
8240DB007700,4,40
8240DB007725,4,40
8240DB007849,2,20
8240DB007850,2,20
8240DB007866,2,20
8240DB007982,2,20
8240DB008146,2,20
8240DB008147,2,20
8240DB008243,2,20
8240DB008269,8,80
8240DB008275,4,40
8240DB008364,16,160
8240DB008368,8,80
8240IR0017,2,20
8240IR0030,4,40
8240IR0031,2,20
8240IR0040,2,20
8240IR0041,4,40
8240LL10471,2,20
825000062,2,20
825000175,6,60
825000354,6,60
8250B1022401,2,20
8250B1350601,6,60
8250DB000428,2,20
8250DB000437,4,40
8250DB000442,4,40
8250DB000443,4,40
8250DB000444,4,40
8250DB000445,4,40
8250DB000448,2,20
8250DB000453,4,40
8250DB000454,4,40
8250DB000459,4,40
8250DB000460,4,40
8250DB000461,2,20
8250DB000468,4,40
8250DB000469,4,40
8250DB000470,2,20
8250DB000471,2,20
8250DB000472,2,20
8250DB000764,6,60
8250DB000765,6,60
8250DB000767,6,60
8250DB000768,6,60
8250DB000859,2,20
8250DB000860,2,20
8250DB000861,2,20
8250DB000867,2,20
8250DB000876,2,20
8250DB000878,2,20
8250DB000879,2,20
8250DB000880,2,20
8250DB001281,4,40
8250DB001306,4,40
8250DB001307,4,40
8250DB001308,4,40
8250DB001319,4,40
8250DB002007,6,60
8250DB002009,10,100
8250DB002011,2,20
8250DB002012,2,20
8250DB002013,4,40
8250DB002014,10,100
8250DB002015,2,20
8250DB002016,2,20
8250DB002019,2,20
8250DB002020,2,20
8250DB002026,2,20
8250DB002027,2,20
8250DB002028,8,80
8250DB002029,4,40
8250DB002030,4,40
8250DB002031,8,80
8250DB002032,6,60
8250DB002033,6,60
8250DB002034,6,60
8250DB002035,4,40
8250DB002036,4,40
8250DB002037,2,20
8250DB002039,2,20
8250DB002040,6,60
8250DB002041,6,60
8250DB002042,6,60
8250DB002043,6,60
8250DB002044,6,60
8250DB002045,8,80
8250DB002046,8,80
8250DB002047,4,40
8250DB002048,4,40
8250DB002049,8,80
8250DB002050,2,20
8250DB002051,2,20
8250DB002052,2,20
8250DB002058,2,20
8250DB002059,2,20
8250DB002061,2,20
8250DB002062,10,100
8250DB002063,10,100
8250DB002064,10,100
8250DB002065,10,100
8250DB002066,2,20
8250DB002067,2,20
8250DB002069,10,100
8250DB002070,10,100
8250DB002071,10,100
8250DB002072,10,100
8250DB002073,10,100
8250DB002074,10,100
8250DB002075,10,100
8250DB002076,4,40
8250DB002080,10,100
8250DB002081,10,100
8250DB002082,10,100
8250DB002083,10,100
8250DB002820,2,20
8250DB002822,2,20
8250DB002823,2,20
8250DB002824,12,120
8250DB002825,12,120
8250DB002841,2,20
8250DB002842,12,120
8250DB002848,2,20
8250DB002849,2,20
8250DB002850,2,20
8250DB002851,2,20
8250DB002852,2,20
8250DB002853,2,20
8250DB002854,2,20
8250DB002855,2,20
8250DB002864,12,120
8250DB002865,2,20
8250DB002866,12,120
8250DB002867,12,120
8250DB002868,12,120
8250DB002872,2,20
8250DB002873,2,20
8250DB002874,2,20
8250DB002885,2,20
8250DB002886,2,20
8250DB002887,2,20
8250DB002892,2,20
8250DB002893,2,20
8250DB002894,2,20
8250DB002895,2,20
8250DB002969,6,60
8250DB002970,6,60
8250DB002971,2,20
8250DB002978,6,60
8250DB002979,6,60
8250DB002995,6,60
8250DB003011,2,20
8250DB003012,2,20
8250DB003017,2,20
8250DB003018,2,20
8250DB003019,2,20
8250DB003025,2,20
8250DB003026,2,20
8250DB003027,2,20
8250DB003028,2,20
8250DB003032,4,40
8250DB003033,4,40
8250DB003034,2,20
8250DB003036,2,20
8250DB003037,2,20
8250DB003038,2,20
8250DB003039,2,20
8250DB003040,8,80
8250DB003041,8,80
8250DB003046,6,60
8250DB003047,2,20
8250DB003048,2,20
8250DB003054,2,20
8250DB003055,2,20
8250DB003056,2,20
8250DB003057,2,20
8250DB003058,2,20
8250DB003059,2,20
8250DB003060,2,20
8250DB003061,2,20
8250DB003066,2,20
8250DB003067,2,20
8250DB003068,2,20
8250DB003069,2,20
8250DB003070,6,60
8250DB003071,8,80
8250DB003072,8,80
8250DB003073,2,20
8250DB003074,2,20
8250DB003075,2,20
8250DB003076,2,20
8250DB003077,2,20
8250DB003079,2,20
8250DB003080,2,20
8250DB003081,4,40
8250DB003082,4,40
8250DB003084,4,40
8250DB003085,4,40
8250DB003114,2,20
8250DB003115,4,40
8250DB003116,4,40
8250DB003117,4,40
8250DB003118,2,20
8250DB003119,2,20
8250DB003122,6,60
8250DB003123,6,60
8250DB003124,6,60
8250DB003125,6,60
8250DB003126,6,60
8250DB003127,2,20
8250DB003128,2,20
8250DB003129,2,20
8250DB003130,2,20
8250DB003131,2,20
8250DB003135,2,20
8250DB003136,2,20
8250DB003138,2,20
8250DB003139,2,20
8250DB003140,2,20
8250DB003142,2,20
8250DB003143,2,20
8250DB003147,2,20
8250DB003148,2,20
8250DB003149,2,20
8250DB003150,2,20
8250DB003152,6,60
8250DB003153,6,60
8250DB003154,6,60
8250DB003155,6,60
8250DB003159,2,20
8250DB003160,2,20
8250DB003161,4,40
8250DB003162,4,40
8250DB003163,4,40
8250DB003164,2,20
8250DB003165,4,40
8250DB003166,4,40
8250DB003167,2,20
8250DB003168,2,20
8250DB003169,2,20
8250DB003171,2,20
8250DB003173,2,20
8250DB003174,2,20
8250DB003175,2,20
8250DB003176,10,100
8250DB003177,10,100
8250DB003179,2,20
8250DB003187,2,20
8250DB003188,2,20
8250DB003189,2,20
8250DB003191,10,100
8250DB003192,10,100
8250DB003193,2,20
8250DB003194,2,20
8250DB003195,2,20
8250DB003196,2,20
8250DB003198,2,20
8250DB003199,2,20
8250DB003200,4,40
8250DB003201,4,40
8250DB003202,2,20
8250DB003203,2,20
8250DB003209,2,20
8250DB003210,2,20
8250DB003211,2,20
8250DB003212,2,20
8250DB003213,2,20
8250DB003214,2,20
8250DB003215,2,20
8250DB003216,2,20
8250DB003217,2,20
8250DB003218,2,20
8250DB003219,2,20
8250DB003220,2,20
8250DB003221,2,20
8250DB003222,2,20
8250DB003223,2,20
8250DB003224,2,20
8250DB003225,2,20
8250DB003226,2,20
8250DB003227,2,20
8250DB003228,2,20
8250DB003230,2,20
8250DB003231,2,20
8250DB003232,2,20
8250DB003233,2,20
8250DB003234,2,20
8250DB003240,2,20
8250DB003242,4,40
8250DB003243,2,20
8250DB003244,2,20
8250DB003245,2,20
8250DB003246,2,20
8250DB003247,2,20
8250DB003248,2,20
8250DB003249,2,20
8250DB003254,2,20
8250DB003255,6,60
8250DB003262,6,60
8250DB003276,2,20
8250DB003289,2,20
8250DB003306,2,20
8250DB003312,2,20
8250DB003317,2,20
8250DB003321,2,20
8250DB003322,2,20
8250DB003344,4,40
8250DB003345,4,40
8250DB003534,2,20
8250DB003535,2,20
8250DB003543,2,20
8250DB003544,2,20
8250DB003545,2,20
8250DB003561,2,20
8250DB003563,2,20
8250DB004124,2,20
8250DB004206,2,20
8250DB004334,6,60
8250DB004352,4,40
8250DB004353,4,40
8250DB004354,2,20
8250DB004355,4,40
8250DB004391,6,60
8250DB004460,4,40
8250DB004475,4,40
8250DB004477,4,40
8250DB004486,12,120
8250DB004566,4,40
8250DB004567,4,40
8250DB004568,4,40
8250DB004569,4,40
8250DB004571,4,40
8250DB004582,2,20
8250DB004636,10,100
8250DB004637,2,20
8250DB004707,2,20
8250DB004708,6,60
8250DB004712,2,20
8250DB004727,2,20
8250DB004728,2,20
8250DB004731,4,40
8250DB004732,4,40
8250DB004771,2,20
8250DB004772,2,20
8250DB004773,2,20
8250DB004774,2,20
8250DB004775,2,20
8250DB004830,2,20
8250DB004952,2,20
8250DB004953,2,20
8250DB004981,2,20
8250DB004982,2,20
8250DB004983,2,20
8250DB004984,2,20
8250DB004987,2,20
8250DB004988,2,20
8250DB005032,2,20
8250DB005127,2,20
8250DB005128,6,60
8250DB006041,12,120
8250DB006085,4,40
8250DB006086,4,40
8250DB006098,8,80
8250DB006100,8,80
8250DB006334,4,40
8250DB007056,2,20
8250DB007226,8,80
8250DB007323,2,20
8250DB007325,2,20
8250DB007326,2,20
8250DB007330,8,80
8250DB007353,2,20
8250DB007362,6,60
8250DB007415,2,20
8250DB007416,2,20
8250DB007417,2,20
8250DB007418,2,20
8250DB007419,4,40
8250DB007421,2,20
8250DB007422,4,40
8250DB007472,2,20
8250DB007567,2,20
8250DB007584,4,40
8250DB007634,2,20
8250DB007635,2,20
8250DB007651,2,20
8250DB007660,2,20
8250DB007715,12,120
8250DB007716,2,20
8250DB007717,2,20
8250DB007718,2,20
8250DB007719,2,20
8250DB007720,2,20
8250DB007916,2,20
8250DB007918,4,40
8250DB007919,2,20
8250DB007920,4,40
8250DB007921,2,20
8250DB007922,2,20
8250DB007923,2,20
8250DB007949,2,20
8250DB007950,2,20
8250DB007951,6,60
8250DB007963,2,20
8250DB007964,2,20
8250DB007970,2,20
8250DB007971,2,20
8250DB007972,4,40
8250DB007973,4,40
8250DB007981,12,120
8250DB008222,2,20
8250DB008223,2,20
8250DB008224,2,20
8250DB008227,2,20
8250DB008228,2,20
8250DB008293,2,20
8250DB008374,2,20
8250GA00281,2,20
8250GA00282,2,20
8250GA00286,12,120
8250GA00287,12,120
8250GA00291,2,20
8250GA00292,2,20
8250GA00310,2,20
8250GA00311,2,20
8250GA00313,2,20
8250GA00314,2,20
8250GA00319,2,20
8250GA00320,2,20
8250GA00330,2,20
8250GA00332,2,20
8250GA00333,2,20
8250GD10091,2,20
8250GD10093,2,20
8250GD10096,2,20
8250GD10098,2,20
8250GD10158,2,20
8250GD10159,2,20
8250GD10160,2,20
8250IR0029,2,20
8250IR0030,4,40
8250IR0039,2,20
8250IR0111,2,20
8250IR0124,2,20
8260B1026301,4,40
8260B1026701,2,20
8260B1027601,2,20
8260B1027801,2,20
8260B1032101,2,20
8260B1038201,4,40
8260B1038601,2,20
8260B1038701,2,20
8260B1039401,2,20
8260B1039501,2,20
8260B1040901,2,20
8260B1042001,4,40
8260B1042101,4,40
8260B1047001,2,20
8260B1047101,2,20
8260B1047801,4,40
8260B1320701,2,20
8260B1325801,2,20
8260B1325802,2,20
8260B1332101,4,40
8260B1354601,6,60
8260B1369901,2,20
8260B1370001,4,40
8260B1370301,4,40
8260B1524001,2,20
8260CCO11090,4,40
8260DB003008,2,20
8260DB003901,2,20
8260DB003902,2,20
8260DB003905,4,40
8260DB003906,4,40
8260DB003907,4,40
8260DB003908,4,40
8260DB003917,6,60
8260DB003918,6,60
8260DB003926,2,20
8260DB003927,4,40
8260DB003928,4,40
8260DB003929,4,40
8260DB003936,2,20
8260DB003959,4,40
8260DB003964,2,20
8260DB003966,6,60
8260DB003980,2,20
8260DB003981,6,60
8260DB003982,6,60
8260DB003986,2,20
8260DB003991,4,40
8260DB003993,4,40
8260DB003995,4,40
8260DB003996,4,40
8260DB003997,4,40
8260DB004003,2,20
8260DB005113,6,60
8260DB005114,2,20
8260DB006089,6,60
8260DB007084,4,40
8260DB007085,4,40
8260DB007108,4,40
8260DB007313,2,20
8260DB007314,2,20
8260DB007744,2,20
8260DB007747,2,20
8260DB007767,2,20
8260DB007779,6,60
8260DB007788,4,40
8260DB007798,4,40
8260DB007799,2,20
8260DB007818,2,20
8260DB007819,2,20
8260DB007820,4,40
8260DB007821,4,40
8260DB007822,2,20
8260DB008079,6,60
8260DB008085,6,60
8260IR0058,6,60
8260IR0062,4,40
8260PB10032,4,40
8260PB10042,4,40
8260PB10043,4,40
8260PB10049,6,60
8260PB10057,4,40
8260PB10058,4,40
8260PB10068,4,40
8270B331981,2,20
8270B3580801,2,20
830000003,12,120
830000037,2,20
830000045,2,20
830000047,2,20
830000054,2,20
830000067,2,20
830000068,2,20
830000070,2,20
830000078,2,20
830000090,2,20
830000106,2,20
8300B0068021,2,20
8300B0068023,2,20
8300B0680341,2,20
8300B0680381,2,20
8300B100381,4,40
8300B100511,2,20
8300B100521,2,20
8300B100551,2,20
8300B100601,6,60
8300B100621,4,40
8300B101401,2,20
8300B101491,2,20
8300B103501,2,20
8300B103581,4,40
8300B103591,12,120
8300B103611,6,60
8300B103621,2,20
8300B1050901,8,80
8300B106501,2,20
8300B106511,2,20
8300B1079901,2,20
8300B108321,2,20
8300B108331,2,20
8300B108341,2,20
8300B108761,2,20
8300B108771,2,20
8300B109191,2,20
8300B109231,2,20
8300B109401,12,120
8300B109461,2,20
8300B109521,2,20
8300B109551,2,20
8300B109591,2,20
8300B111491,4,40
8300B111501,12,120
8300B111511,2,20
8300B117931,2,20
8300B1260701,6,60
8300B1261301,12,120
8300B1262201,2,20
8300B1262601,2,20
8300B1262801,2,20
8300B1263001,12,120
8300B126331,2,20
8300B1359501,12,120
8300B136131,2,20
8300B136701,6,60
8300B136821,6,60
8300B136831,6,60
8300B136851,12,120
8300B136881,2,20
8300B137011,2,20
8300B137051,2,20
8300B137071,6,60
8300B137101,2,20
8300B137181,4,40
8300B137201,12,120
8300B137221,12,120
8300B137231,6,60
8300B137251,2,20
8300B137311,2,20
8300B137321,6,60
8300B137341,2,20
8300B138931,2,20
8300B139141,6,60
8300B139151,6,60
8300B139321,2,20
8300B139331,8,80
8300B139441,2,20
8300B139611,2,20
8300B139621,2,20
8300B139751,8,80
8300B139911,2,20
8300B139921,2,20
8300B152311,2,20
8300B1524301,2,20
8300B1524401,2,20
8300B152461,2,20
8300IR0074,4,40
8300IR0075,2,20
8300LL11621,4,40
8300LL12535,2,20
8300PB14077,2,20
831000005,2,20
831000111,2,20
831000112,2,20
831000116,2,20
8310B0137731,2,20
8310B0137741,2,20
8310B0189681,2,20
8310B0189691,2,20
8310B0189721,2,20
8310B1003601,2,20
8310B100611,2,20
8310B100631,2,20
8310B1006401,2,20
8310B100971,2,20
8310B1009901,2,20
8310B1010401,2,20
8310B1010801,2,20
8310B1012001,4,40
8310B1012101,4,40
8310B1013401,2,20
8310B101481,2,20
8310B1017801,4,40
8310B1017901,2,20
8310B1018001,2,20
8310B1018101,4,40
8310B1018701,2,20
8310B1031301,2,20
8310B103141,2,20
8310B103381,2,20
8310B103521,2,20
8310B104631,2,20
8310B1046501,2,20
8310B1055801,8,80
8310B1056001,2,20
8310B111031,4,40
8310B111081,4,40
8310B111361,2,20
8310B111371,2,20
8310B111451,2,20
8310B111471,2,20
8310B111521,2,20
8310B111571,2,20
8310B111581,2,20
8310B1329001,2,20
8310B1332301,2,20
8310B133371,2,20
8310B1333801,2,20
8310B133601,4,40
8310B133611,4,40
8310B133621,4,40
8310B1340701,2,20
8310B134271,4,40
8310B1357101,2,20
8310B1357301,2,20
8310B1359201,2,20
8310B136621,2,20
8310B136631,2,20
8310B1369601,2,20
8310B1378101,2,20
8310B1379201,2,20
8310B138451,2,20
8310B138461,2,20
8310B1503501,2,20
8310B189001,2,20
8310B189061,4,40
8310B189071,4,40
8310B189081,4,40
8310B189091,4,40
8310B189101,4,40
8310B189111,4,40
8310B189121,4,40
8310B189151,8,80
8310B189161,8,80
8310B189171,8,80
8310B189181,8,80
8310B189191,8,80
8310B189281,2,20
8310B189291,2,20
8310B189301,2,20
8310B189311,2,20
8310B189421,2,20
8310B189431,2,20
8310B189581,2,20
8310B189591,2,20
8310B189601,4,40
8310B5620001,2,20
8310DB003328,2,20
8310DB003329,2,20
8310DB003330,2,20
8310DB003336,2,20
8310DB003337,2,20
8310DB003338,2,20
8310DB003339,2,20
8310IR0083,2,20
8310LL12636,2,20
8310LL12637,2,20
8310PB14653,2,20
8310PB14654,2,20
8320B1028101,2,20
8320B1046801,2,20
833000004,2,20
833000056,4,40
8330B1354401,4,40
8330B1354501,4,40
8330B455491,2,20
8330B455501,2,20
8330B455511,2,20
8330B455521,2,20
8330B455531,2,20
8330B455541,2,20
8330B455561,2,20
8330B455571,2,20
8330B455591,2,20
8330B455601,4,40
8330B455621,2,20
8330B455641,2,20
8330B455651,2,20
8330B455661,2,20
8330B455671,2,20
8330B455681,6,60
8330B455691,2,20
8330B455721,2,20
8330B455811,2,20
8330B455821,6,60
8330B455841,6,60
8330B455851,2,20
8330B455861,2,20
8330B455931,2,20
8330B455941,2,20
8330B456011,2,20
8330B456021,2,20
8330B456031,6,60
8330B456041,6,60
8330B456051,2,20
8330B5001401,2,20
8330B5001501,2,20
8330B5001801,2,20
8330B5001901,2,20
8330B500201,2,20
8330B5002101,2,20
8330B500221,2,20
8330B5547701,2,20
8330B5551001,2,20
8330B5551101,2,20
8330B555391,2,20
8330B9910001,2,20
8330IR0107,2,20
8330PB14097,2,20
8330PB14098,2,20
8330PB14099,2,20
8330PB14100,2,20
8330PB14112,2,20
835000007,6,60
835000090,2,20
8350B102391,2,20
8350B1060401,2,20
8350B1060501,2,20
8350B106061,2,20
8350B1061501,2,20
8350B110691,2,20
8350B1355601,2,20
8350BD008263,8,80
8350CO11016,6,60
8350DB002113,2,20
8350DB002962,2,20
8350DB002963,2,20
8350DB002964,2,20
8350DB002973,8,80
8350DB002974,8,80
8350DB002993,2,20
8350DB002994,2,20
8350DB002997,6,60
8350DB003045,6,60
8350DB004094,2,20
8350DB004095,2,20
8350DB004108,2,20
8350DB004114,2,20
8350DB004115,2,20
8350DB004129,2,20
8350DB004130,4,40
8350DB004131,4,40
8350DB004132,6,60
8350DB004134,6,60
8350DB004137,2,20
8350DB004140,4,40
8350DB004142,4,40
8350DB004143,4,40
8350DB004146,2,20
8350DB004148,2,20
8350DB004150,6,60
8350DB004151,6,60
8350DB004153,6,60
8350DB004154,4,40
8350DB004155,8,80
8350DB004156,8,80
8350DB004159,8,80
8350DB004163,8,80
8350DB004167,8,80
8350DB004168,8,80
8350DB004169,8,80
8350DB004170,6,60
8350DB004171,6,60
8350DB004172,6,60
8350DB004173,2,20
8350DB004175,2,20
8350DB004177,2,20
8350DB004178,2,20
8350DB004179,2,20
8350DB004180,4,40
8350DB004181,2,20
8350DB004182,6,60
8350DB004183,4,40
8350DB004184,2,20
8350DB004185,2,20
8350DB004186,2,20
8350DB004196,2,20
8350DB004199,4,40
8350DB004201,2,20
8350DB004207,2,20
8350DB004208,2,20
8350DB004210,2,20
8350DB004211,2,20
8350DB004212,2,20
8350DB004224,6,60
8350DB004225,6,60
8350DB004226,6,60
8350DB004237,2,20
8350DB004246,2,20
8350DB004248,2,20
8350DB004249,2,20
8350DB004250,2,20
8350DB004270,2,20
8350DB004271,2,20
8350DB004273,2,20
8350DB004281,6,60
8350DB004282,6,60
8350DB004283,6,60
8350DB004300,2,20
8350DB004301,2,20
8350DB004302,2,20
8350DB004303,2,20
8350DB004304,2,20
8350DB004416,4,40
8350DB004417,2,20
8350DB004419,2,20
8350DB004420,2,20
8350DB004421,2,20
8350DB004422,2,20
8350DB004533,2,20
8350DB004584,2,20
8350DB004591,2,20
8350DB004653,2,20
8350DB004654,2,20
8350DB004656,2,20
8350DB004657,2,20
8350DB004658,2,20
8350DB004659,2,20
8350DB004844,2,20
8350DB005091,2,20
8350DB005092,2,20
8350DB006000,2,20
8350DB006138,2,20
8350DB007279,2,20
8350DB007294,6,60
8350DB007295,2,20
8350DB007363,6,60
8350DB007365,2,20
8350DB007368,6,60
8350DB007369,2,20
8350DB007522,4,40
8350DB007574,6,60
8350DB007823,2,20
8350DB007824,2,20
8350DB008260,2,20
8350DB008262,2,20
8350DB008264,8,80
8350DB008265,8,80
8350DB008266,2,20
8350DB008267,8,80
8350DB008268,2,20
8350DB008270,4,40
8350DB008271,4,40
8350DB008272,4,40
8350DB008273,4,40
8350DB008276,2,20
8350DB008278,6,60
8350DB008279,2,20
8350DB008281,2,20
8350GD10395,2,20
8350IR0120,2,20
8350IR0122,6,60
8350IR0123,8,80
8350LL10455,2,20
8350LL14900,2,20
8350LL14901,2,20
8360B3320101,2,20
8360B3363101,2,20
8360B336441,2,20
8360B336481,2,20
8360B337111,2,20
8360B337221,2,20
8360B337751,2,20
8360B600301,4,40
8360B600311,4,40
8360B603101,4,40
8360B603111,4,40
8360B603311,4,40
8360B603341,2,20
8360B603351,4,40
8360B6066901,2,20
8360B6067001,2,20
8360B6353401,4,40
8360IR0003,4,40
8360LL10845,4,40
8360LL12355,2,20
8360LL12356,2,20
837000188,38,380
837000237,38,380
8370B11052,38,380
8370B11053,6,60
8370B11054,38,380
8370B2011901,2,20
8370B2103601,2,20
8370B2117201,2,20
8370B2120601,2,20
8370B2126301,6,60
8370B2132001,2,20
8370B2132301,38,380
8370B2137401,4,40
8370B2137801,4,40
8370B2138001,8,80
8370B2138601,2,20
8370B2138701,4,40
8370B2139101,8,80
8370B2139701,2,20
8370B2140201,2,20
8370B2141001,4,40
8370B2144801,4,40
8370B2145501,6,60
8370B216531,38,380
8370B216581,38,380
8370B216671,38,380
8370B216681,38,380
8370B2250301,6,60
8370B2300901,8,80
8370B2301301,38,380
8370B2301401,4,40
8370B2301501,4,40
8370B2301601,6,60
8370B2315301,8,80
8370B2319401,4,40
8370B2359101,2,20
8370B2365501,6,60
8370B2365601,6,60
8370B2365901,4,40
8370B2366001,4,40
8370B2366501,2,20
8370B2366601,2,20
8370B2366701,2,20
8370B2366801,2,20
8370B2367301,2,20
8370B2367401,2,20
8370B2367501,2,20
8370B2367601,2,20
8370B236831,6,60
8370B2368401,6,60
8370B2368501,6,60
8370B2368601,2,20
8370B2368701,2,20
8370B2368801,4,40
8370B2369001,4,40
8370B2369101,4,40
8370B2369601,6,60
8370B2369701,4,40
8370B2369801,4,40
8370B2369901,4,40
8370B2370001,38,380
8370B2370401,6,60
8370B237051,6,60
8370B2371101,2,20
8370B2371201,2,20
8370B2371301,2,20
8370B2371601,2,20
8370B2371701,2,20
8370B2371801,2,20
8370B2371901,2,20
8370B2372001,2,20
8370B2400601,6,60
8370B2400701,8,80
8370B240081,8,80
8370B240091,8,80
8370B2401201,6,60
8370B2401301,6,60
8370B2401401,4,40
8370B240171,38,380
8370B2401901,6,60
8370B2402001,6,60
8370B2402301,4,40
8370B2402401,4,40
8370B2403201,4,40
8370B2403401,8,80
8370B2404401,4,40
8370B2404501,4,40
8370B2404601,6,60
8370B2404701,6,60
8370B2404801,6,60
8370B240491,38,380
8370B2405001,38,380
8370B2405101,4,40
8370B2405201,6,60
8370B2405301,6,60
8370B2405401,2,20
8370B2405701,8,80
8370B2405801,8,80
8370B2405901,6,60
8370B2406001,6,60
8370B2406801,4,40
8370B2406901,4,40
8370B2407801,2,20
8370B2408001,4,40
8370B2408101,4,40
8370B2408201,2,20
8370B2408301,2,20
8370B2408401,2,20
8370B2408501,2,20
8370B240861,2,20
8370B2408701,8,80
8370B2408801,8,80
8370B2408901,8,80
8370B2409001,8,80
8370B2409101,8,80
8370B2409201,38,380
8370B2409301,8,80
8370B2409401,2,20
8370B2409601,2,20
8370B2409701,4,40
8370B2409801,2,20
8370B2410801,38,380
8370B2410901,4,40
8370B2411001,2,20
8370B2411401,2,20
8370B241201,38,380
8370B2412101,38,380
8370B2412201,8,80
8370B2412301,8,80
8370B2412401,8,80
8370B2412601,2,20
8370B2412701,4,40
8370B2412801,4,40
8370B2412901,4,40
8370B2413001,4,40
8370B2413601,4,40
8370B2413701,4,40
8370B2413801,4,40
8370B2413901,4,40
8370B2414001,2,20
8370B2414101,2,20
8370B2414401,8,80
8370B2414501,8,80
8370B2414601,38,380
8370B241471,38,380
8370B2414801,38,380
8370B2416201,4,40
8370B2416301,8,80
8370B241661,2,20
8370B241701,6,60
8370B2417201,38,380
8370B2417301,2,20
8370B2417401,2,20
8370B2417501,2,20
8370B2417801,8,80
8370B2418801,8,80
8370B2419101,8,80
8370B2419201,8,80
8370B2419701,2,20
8370B2419801,2,20
8370B2419901,38,380
8370B2420001,2,20
8370B2420501,38,380
8370B2422001,8,80
8370B2422101,2,20
8370B2422201,2,20
8370B2423001,2,20
8370B2423101,2,20
8370B2423301,38,380
8370B2423401,4,40
8370B2423501,4,40
8370B2423601,4,40
8370B2423701,4,40
8370B2424101,2,20
8370B2424201,2,20
8370B2425401,2,20
8370B2426001,4,40
8370B2426101,8,80
8370B2426301,4,40
8370B2426601,4,40
8370B2426701,2,20
8370B2427001,2,20
8370B2427101,2,20
8370B2427201,2,20
8370B2427301,2,20
8370B2427401,4,40
8370B2427501,38,380
8370B242821,2,20
8370B2428301,2,20
8370B2428401,2,20
8370B2428501,2,20
8370B2428601,2,20
8370B242871,2,20
8370B242881,2,20
8370B242891,2,20
8370B242901,2,20
8370B242911,2,20
8370B242921,2,20
8370B242941,2,20
8370B242951,2,20
8370B2429601,2,20
8370B2429701,2,20
8370B2429801,2,20
8370B2429901,2,20
8370B2430501,4,40
8370B2430801,2,20
8370B2431101,2,20
8370B2431201,2,20
8370B2431301,2,20
8370B2431401,2,20
8370B2431501,2,20
8370B2431701,38,380
8370B2432101,2,20
8370B2432201,2,20
8370B2432301,2,20
8370B2432401,2,20
8370B2432501,2,20
8370B2433101,6,60
8370B243341,6,60
8370B2433501,6,60
8370B2434101,2,20
8370B2434201,2,20
8370B2434301,2,20
8370B2434401,2,20
8370B2434501,2,20
8370B2434601,2,20
8370B243491,38,380
8370B2435501,4,40
8370B2435601,4,40
8370B2435701,4,40
8370B2435801,4,40
8370B2435901,4,40
8370B2436001,4,40
8370B2436101,4,40
8370B2436201,4,40
8370B2436301,4,40
8370B2436401,4,40
8370B2437901,4,40
8370B2438001,2,20
8370B2438201,8,80
8370B2438301,2,20
8370B2438401,8,80
8370B2438501,8,80
8370B243881,38,380
8370B2440301,4,40
8370B2440401,4,40
8370B2440501,4,40
8370B2440601,4,40
8370B244151,6,60
8370B244161,4,40
8370B244171,4,40
8370B244181,4,40
8370B244421,8,80
8370B244461,6,60
8370B245831,4,40
8370B245841,4,40
8370B246241,8,80
8370B246281,2,20
8370B246291,2,20
8370B246351,2,20
8370B246361,2,20
8370B246371,2,20
8370B246411,2,20
8370B246551,8,80
8370B246561,8,80
8370B246581,2,20
8370B246731,2,20
8370B246801,38,380
8370B246851,2,20
8370B246861,2,20
8370B246921,2,20
8370B246991,2,20
8370B247051,2,20
8370B247061,2,20
8370B247121,2,20
8370B247811,38,380
8370B248041,6,60
8370B248051,2,20
8370B248091,4,40
8370B248621,38,380
8370B248631,2,20
8370B249981,38,380
8370B249991,38,380
8370B2508401,38,380
8370B2528201,8,80
8370B2550201,38,380
8370B2550901,2,20
8370B2551201,4,40
8370B258971,38,380
8370B258981,38,380
8370B2847901,4,40
8370B2888101,2,20
8370B288821,2,20
8370B2899601,2,20
8370B2961401,4,40
8370B2989601,2,20
8370B2989701,6,60
8370B2989801,2,20
8370B2989901,4,40
8370B299001,38,380
8370B299971,4,40
8370B4289701,4,40
8370IR0126,6,60
838000075,2,20
838000395,2,20
8380B0220011,2,20
8380B0220021,2,20
8380B0991011,2,20
8380B109731,2,20
8380B109741,2,20
8380B109751,2,20
8380B109761,2,20
8380B2105801,2,20
8380B2111401,2,20
8380B2117301,2,20
8380B2120401,2,20
8380B213411,2,20
8380B213421,2,20
8380B215711,2,20
8380B215751,2,20
8380B215901,2,20
8380B2300501,2,20
8380B2314701,4,40
8380B2315101,2,20
8380B2318401,2,20
8380B2322301,2,20
8380B2326601,4,40
8380B2328201,2,20
8380B2331001,2,20
8380B233111,2,20
8380B233121,2,20
8380B233141,2,20
8380B233831,2,20
8380B2339101,2,20
8380B2339601,2,20
8380B234891,2,20
8380B235231,2,20
8380B235851,4,40
8380B235861,4,40
8380B237221,2,20
8380B237511,2,20
8380B237531,2,20
8380B237691,2,20
8380B237781,2,20
8380B237791,2,20
8380B237861,2,20
8380B2399901,2,20
8380B2400001,2,20
8380B2407001,2,20
8380B2407401,2,20
8380B2407501,2,20
8380B2407601,2,20
8380B2407701,2,20
8380B2409901,2,20
8380B2410001,2,20
8380B2410101,2,20
8380B2410201,2,20
8380B2410301,2,20
8380B2410701,2,20
8380B2411101,2,20
8380B2413101,2,20
8380B2413201,2,20
8380B2413401,2,20
8380B2413501,2,20
8380B2420901,2,20
8380B2421001,2,20
8380B2439501,4,40
8380B2441401,4,40
8380B2442901,2,20
8380B244941,2,20
8380B244951,2,20
8380B244961,2,20
8380B245091,2,20
8380B245101,2,20
8380B245111,2,20
8380B245121,2,20
8380B245131,2,20
8380B245141,2,20
8380B245301,2,20
8380B245321,2,20
8380B245341,4,40
8380B245371,2,20
8380B245431,2,20
8380B245441,2,20
8380B245491,2,20
8380B245501,2,20
8380B245621,2,20
8380B245631,2,20
8380B245711,2,20
8380B245721,2,20
8380B245791,4,40
8380B245871,4,40
8380B246021,2,20
8380B246031,2,20
8380B246151,2,20
8380B246251,4,40
8380B246711,4,40
8380B246741,4,40
8380B246971,2,20
8380B246981,2,20
8380B247111,2,20
8380B247961,2,20
8380B247991,4,40
8380B248201,4,40
8380B2550401,2,20
8380B256521,2,20
8380B268511,2,20
8380B351691,2,20
8380B3577401,2,20
8380B6310601,2,20
8380LL12341,2,20
838B0218631,2,20
839000001,4,40
8390B335761,2,20
8390B3577001,2,20
8390B6350601,8,80
8390B6356001,4,40
8390IR0050,4,40
8390IR0052,8,80
8390IR0053,2,20
8390PB000915,8,80
8390PB000918,8,80
8400B0603621,8,80
8400B0608061,12,120
8400B0635011,8,80
8400B3330601,4,40
8400B356071,12,120
8400B603011,12,120
8400B6055501,4,40
8400B6055701,4,40
8400B606821,12,120
8400B6068301,4,40
8400B6068901,2,20
8400B6069001,2,20
8400B6069101,4,40
8400B6069201,4,40
8400B6069301,4,40
8400B606981,4,40
8400B6069901,4,40
8400B6070701,6,60
8400B6071101,12,120
8400B6071401,4,40
8400B6071501,4,40
8400B6071601,4,40
8400B6071701,4,40
8400B607211,4,40
8400B607231,4,40
8400B6072601,4,40
8400B6072701,4,40
8400B6072801,4,40
8400B6072901,4,40
8400B6073101,8,80
8400B6073201,12,120
8400B607331,2,20
8400B6073401,4,40
8400B6073601,2,20
8400B6073701,2,20
8400B6074001,2,20
8400B6074101,4,40
8400B6074201,2,20
8400B607431,2,20
8400B6074901,6,60
8400B6075101,6,60
8400B6075401,6,60
8400B6075701,2,20
8400B6075801,2,20
8400B6075901,4,40
8400B6076101,2,20
8400B6077101,4,40
8400B6077201,2,20
8400B607731,4,40
8400B6077501,6,60
8400B6077801,6,60
8400B6077901,6,60
8400B6078301,12,120
8400B6078401,12,120
8400B6078501,12,120
8400B6078601,12,120
8400B6079301,2,20
8400B6080201,12,120
8400B608031,12,120
8400B6080401,12,120
8400B6080701,6,60
8400B6080801,6,60
8400B6081001,6,60
8400B6081101,6,60
8400B6081201,2,20
8400B6081501,6,60
8400B6081601,6,60
8400B6081701,6,60
8400B6081801,8,80
8400B6081901,12,120
8400B6082101,12,120
8400B6082201,12,120
8400B6082301,2,20
8400B6082401,2,20
8400B6082501,2,20
8400B608261,2,20
8400B6083001,8,80
8400B6083101,8,80
8400B6083201,8,80
8400B6083601,4,40
8400B6083901,4,40
8400B608401,4,40
8400B6084301,8,80
8400B6084401,8,80
8400B6084801,2,20
8400B6084901,2,20
8400B6085301,2,20
8400B6085701,2,20
8400B608611,8,80
8400B6086301,2,20
8400B6086401,2,20
8400B6086801,2,20
8400B6087201,2,20
8400B6087301,2,20
8400B6087401,8,80
8400B6087701,12,120
8400B6088001,4,40
8400B6088101,4,40
8400B6088501,4,40
8400B6088601,4,40
8400B608891,4,40
8400B6089401,2,20
8400B6089501,2,20
8400B6089601,2,20
8400B6089801,2,20
8400B6089901,2,20
8400B6090701,2,20
8400B6090801,2,20
8400B609111,4,40
8400B6091601,2,20
8400B609171,2,20
8400B6091801,2,20
8400B6092301,4,40
8400B6092401,4,40
8400B6092501,4,40
8400B6092901,4,40
8400B6093001,4,40
8400B6093401,12,120
8400B609361,4,40
8400B6093901,12,120
8400B609491,4,40
8400B609501,2,20
8400B609591,12,120
8400B609701,12,120
8400B609801,2,20
8400B609911,4,40
8400B609921,8,80
8400B609931,8,80
8400B609971,8,80
8400B610001,12,120
8400B610031,12,120
8400B635041,8,80
8400IR0127,8,80
841000019,2,20
841000084,2,20
8410B0603551,2,20
8410B0603561,2,20
8410B0603591,2,20
8410B0603601,2,20
8410B3321401,2,20
8410B332891,2,20
8410B3329401,2,20
8410B335491,2,20
8410B3356901,2,20
8410B3357001,2,20
8410B6074601,2,20
8410B6075001,6,60
8410B6076301,2,20
8410B6076901,2,20
8410B607811,2,20
8410B607821,2,20
8410B6085501,2,20
8410B6085601,2,20
8410B609091,2,20
8410B609311,2,20
8410B6093801,2,20
8410B6094801,2,20
8410B609611,2,20
8410B609711,2,20
8410B609771,2,20
8410B609841,2,20
8410PB14918,2,20
8430B155401,2,20
8430B255231,2,20
8430B345651,2,20
8430B345661,2,20
844000003,2,20
844000017,6,60
844000019,6,60
844000020,4,40
844000035,4,40
844000049,2,20
844000050,2,20
8440352291,2,20
8440B3102102,4,40
8440B352011,4,40
8440B352041,4,40
8440B352051,4,40
8440B352061,4,40
8440B352081,4,40
8440B3520901,4,40
8440B352101,2,20
8440B352111,2,20
8440B352151,2,20
8440B352161,2,20
8440B352171,2,20
8440B352191,2,20
8440B352201,2,20
8440B3522101,4,40
8440B352221,2,20
8440B352231,6,60
8440B352241,6,60
8440B352251,6,60
8440B352271,4,40
8440B352281,2,20
8440B352301,2,20
8440B352311,2,20
8440B352381,2,20
8440B352391,2,20
8440B352401,2,20
8440B3524201,6,60
8440B352431,6,60
8440B3524401,6,60
8440B3524501,2,20
8440B3524601,2,20
8440B3524901,2,20
8440B3525101,2,20
8440B3525201,4,40
8440B3525301,4,40
8440B352541,4,40
8440B352551,4,40
8440B352561,6,60
8440B352571,2,20
8440B3525801,4,40
8440B3525901,6,60
8440B3526001,4,40
8440B3526201,6,60
8440B3526301,4,40
8440B3526401,4,40
8440B3526501,4,40
8440B3526601,4,40
8440B3526801,4,40
8440B3526901,4,40
8440B3527001,4,40
8440B3527101,6,60
8440B3527201,6,60
8440B352731,2,20
8440B352741,2,20
8440B352791,2,20
8440B352811,4,40
8440B352821,4,40
8440B352831,4,40
8440B352841,4,40
8440B352871,2,20
8440B352881,2,20
8440B352891,4,40
8440B352901,6,60
8440B352911,6,60
8440B352921,2,20
8440B3529901,4,40
8440B353001,4,40
8440B353021,4,40
8440B353191,4,40
8440B353261,2,20
8440B353271,4,40
8440B353491,2,20
8440B353511,2,20
8440B353541,2,20
8440B353681,4,40
8440B3550501,6,60
8440B6315601,4,40
8440B631591,4,40
8440TR000225,4,40
8450B247551,4,40
8450B247651,2,20
8450B250651,2,20
8450B250811,4,40
8450B3308501,2,20
8450B331471,2,20
8450B332901,2,20
8450B332902,2,20
8450B353161,2,20
8450B353341,2,20
8450B353351,2,20
8450B353391,2,20
8450B353431,2,20
8450B353441,2,20
8450B353631,2,20
8450B353641,2,20
8450B353651,2,20
846000046,14,140
846000059,14,140
846000060,14,140
846000192,2,20
846000194,2,20
846000259,2,20
846000542,4,40
846000548,2,20
846000667,14,140
846000669,4,40
846000670,2,20
84605257301,2,20
8460B511201,14,140
8460B5203201,4,40
8460B5213401,2,20
8460B5220101,14,140
8460B5220201,4,40
8460B5220301,4,40
8460B522041,2,20
8460B5220601,2,20
8460B5220701,2,20
8460B5222501,2,20
8460B5222601,2,20
8460B5222701,2,20
8460B5222801,4,40
8460B5222901,4,40
8460B522311,14,140
8460B522331,14,140
8460B5224401,2,20
8460B5224701,2,20
8460B5224801,2,20
8460B5224901,2,20
8460B5225001,2,20
8460B5225101,2,20
8460B5225301,2,20
8460B5225401,4,40
8460B5225501,2,20
8460B5225601,2,20
8460B5225701,2,20
8460B5225901,4,40
8460B5226101,4,40
8460B5226201,4,40
8460B5226301,4,40
8460B5226901,4,40
8460B5227001,8,80
8460B5227101,8,80
8460B5227201,8,80
8460B5227301,4,40
8460B5229201,4,40
8460B5229401,8,80
8460B5229501,8,80
8460B5229601,4,40
8460B5229701,4,40
8460B5230101,14,140
8460B5230201,4,40
8460B5230301,2,20
8460B5230401,2,20
8460B5230501,2,20
8460B5230801,2,20
8460B5230901,2,20
8460B5231001,2,20
8460B5231101,2,20
8460B5231201,2,20
8460B5231701,2,20
8460B5231801,2,20
8460B5231901,4,40
8460B523201,14,140
8460B5232101,4,40
8460B5232701,4,40
8460B5232801,4,40
8460B5233001,2,20
8460B5233101,2,20
8460B5233501,4,40
8460B5233601,4,40
8460B5233801,4,40
8460B5233901,4,40
8460B5234601,4,40
8460B5234701,4,40
8460B5234801,4,40
8460B5234901,4,40
8460B5235001,4,40
8460B5235101,4,40
8460B5235601,2,20
8460B5235801,4,40
8460B5236301,4,40
8460B5236401,4,40
8460B5236501,4,40
8460B5236601,4,40
8460B5237101,4,40
8460B5237201,4,40
8460B5237301,4,40
8460B5241001,4,40
8460B5241201,14,140
8460B5241301,8,80
8460B5241801,2,20
8460B5241901,2,20
8460B5242001,2,20
8460B5242101,2,20
8460B5242301,4,40
8460B5242401,4,40
8460B5242601,4,40
8460B5242801,2,20
8460B5242901,2,20
8460B5243101,2,20
8460B5243201,2,20
8460B5243501,8,80
8460B5243601,14,140
8460B5243701,14,140
8460B5244001,2,20
8460B5244901,4,40
8460B5245001,14,140
8460B5254101,4,40
8460B5255001,4,40
8460B5255201,4,40
8460B5255401,4,40
8460B5255601,4,40
8460B525641,14,140
8460B5256501,2,20
8460B5256801,2,20
8460B5256901,2,20
8460B5257201,2,20
8460B5257401,4,40
8460B5257701,2,20
8460B5257801,2,20
8460B5257901,4,40
8460B5258001,4,40
8460B5258101,8,80
8460B5258601,8,80
8460B5258701,8,80
8460B5258801,8,80
8460B5258901,4,40
8460B5259001,4,40
8460B5259101,2,20
8460B5259201,2,20
8460B5259301,2,20
8460B5259601,2,20
8460B5259701,2,20
8460B5304201,4,40
8460B5332601,4,40
8460B5332901,4,40
8460B5550401,14,140
8460IR0044,14,140
8460LL12641,4,40
8460PB002253,14,140
8460PB003659,2,20
8460PB003660,2,20
8460PB11463,14,140
8460PB14766,4,40
847000038,2,20
847000039,4,40
847000053,4,40
847000055,4,40
847000062,4,40
847000066,2,20
847000067,2,20
8470B532601,2,20
8470B5349001,2,20
8470B535221,2,20
849000029,2,20
849000048,2,20
8490B141631,2,20
8490B141641,2,20
8490B151011,2,20
8490B5000201,2,20
8490B5454201,2,20
8490B5550501,2,20
8490B5557101,2,20
8490IR0076,2,20
8490IR0081,2,20
8490LL10759,2,20
851000012,2,20
851000020,2,20
851000034,4,40
851000035,4,40
851000063,2,20
8510B5209701,2,20
8510B5209901,2,20
8510B524851,4,40
8510B5248601,4,40
8510B524881,4,40
8510B524901,4,40
8510B551801,2,20
8510B5518401,2,20
8510B5519701,2,20
8510B5520701,4,40
8510B5522101,2,20
8510B552281,2,20
8510B552311,2,20
8510B552581,2,20
8510B552661,2,20
8510B5543101,2,20
8510B554321,2,20
8510B554331,2,20
8510B554881,4,40
8510B554901,2,20
8510B554911,4,40
8510B555031,2,20
8510B5550801,2,20
8510B5554801,2,20
8510B5555301,2,20
8510B558431,2,20
8510B5584701,4,40
8510IR0092,2,20
8510LL10752,4,40
8520B1016201,2,20
8520B1310401,2,20
8520B1358601,6,60
8520B1378601,2,20
8520B137961,2,20
8520B141451,6,60
8520B141471,6,60
8520LL10009,6,60
8520LL10010,6,60
8520LL10633,6,60
8520PB14501,2,20
8530B1405501,2,20
854000007,2,20
854000021,2,20
8540B1559201,2,20
8540B1560001,2,20
8540LL10178,2,20
8540LL10179,2,20
8540LL10200,2,20
